[    7224ms] [ERROR] Failed to load resource: net::ERR_CONNECTION_TIMED_OUT @ https://ads.stickyadstv.com/user-matching?id=3661&_t=1779147070780:0
[   12621ms] [ERROR] Failed to load resource: net::ERR_FAILED @ chrome-extension://invalid/:0
[   12970ms] [ERROR] Failed to load resource: net::ERR_FAILED @ chrome-extension://invalid/:0
[   13079ms] [ERROR] Failed to load resource: net::ERR_FAILED @ chrome-extension://invalid/:0
[   13195ms] [ERROR] Failed to load resource: net::ERR_FAILED @ chrome-extension://invalid/:0
[   13300ms] [ERROR] Failed to load resource: net::ERR_FAILED @ chrome-extension://invalid/:0
[   13424ms] [ERROR] Failed to load resource: net::ERR_FAILED @ chrome-extension://invalid/:0
[   13530ms] [ERROR] Failed to load resource: net::ERR_FAILED @ chrome-extension://invalid/:0
[   13639ms] [ERROR] Failed to load resource: net::ERR_FAILED @ chrome-extension://invalid/:0
[   13747ms] [ERROR] Failed to load resource: net::ERR_FAILED @ chrome-extension://invalid/:0
[   14412ms] [WARNING] BooleanExpression with operator "numericEquals" had an expression that evaluated to null on one side. @ https://static.licdn.com/aero-v1/sc/h/assets/CCSbo0WZ.js:0
[   14413ms] [WARNING] BooleanExpression with operator "numericEquals" had an expression that evaluated to null on one side. @ https://static.licdn.com/aero-v1/sc/h/assets/CCSbo0WZ.js:0
[   14424ms] [WARNING] BooleanExpression with operator "numericEquals" had an expression that evaluated to null on one side. @ https://static.licdn.com/aero-v1/sc/h/assets/CCSbo0WZ.js:0
[   14424ms] [WARNING] BooleanExpression with operator "numericEquals" had an expression that evaluated to null on one side. @ https://static.licdn.com/aero-v1/sc/h/assets/CCSbo0WZ.js:0
[   14516ms] [WARNING] BooleanExpression with operator "numericEquals" had an expression that evaluated to null on one side. @ https://static.licdn.com/aero-v1/sc/h/assets/CCSbo0WZ.js:0
[   14517ms] [WARNING] BooleanExpression with operator "numericEquals" had an expression that evaluated to null on one side. @ https://static.licdn.com/aero-v1/sc/h/assets/CCSbo0WZ.js:0
[   14522ms] [WARNING] BooleanExpression with operator "numericEquals" had an expression that evaluated to null on one side. @ https://static.licdn.com/aero-v1/sc/h/assets/CCSbo0WZ.js:0
[   14522ms] [WARNING] BooleanExpression with operator "numericEquals" had an expression that evaluated to null on one side. @ https://static.licdn.com/aero-v1/sc/h/assets/CCSbo0WZ.js:0
[   15021ms] [WARNING] Attribute 'exception.tags' of type 'object' could not be converted to a proto attribute. @ https://static.licdn.com/aero-v1/sc/h/assets/DkGhPu3D.js:0
[   15039ms] Error: Minified React error #418; visit https://react.dev/errors/418?args[]= for the full message or use the non-minified dev environment for full errors and additional helpful warnings.
    at rw (https://static.licdn.com/aero-v1/sc/h/assets/BDqwEdCl.js:1:46860)
    at ol (https://static.licdn.com/aero-v1/sc/h/assets/BDqwEdCl.js:1:91484)
    at su (https://static.licdn.com/aero-v1/sc/h/assets/BDqwEdCl.js:1:128138)
    at https://static.licdn.com/aero-v1/sc/h/assets/BDqwEdCl.js:1:124244
    at https://static.licdn.com/aero-v1/sc/h/assets/BDqwEdCl.js:1:124252
    at i8 (https://static.licdn.com/aero-v1/sc/h/assets/BDqwEdCl.js:1:124349)
    at sM (https://static.licdn.com/aero-v1/sc/h/assets/BDqwEdCl.js:1:144940)
    at MessagePort._ (https://static.licdn.com/aero-v1/sc/h/assets/BDqwEdCl.js:1:14415)
[   28963ms] [WARNING] Attribute 'exception.tags' of type 'object' could not be converted to a proto attribute. @ https://static.licdn.com/aero-v1/sc/h/assets/DkGhPu3D.js:0
[   28967ms] [WARNING] Attribute 'exception.tags' of type 'object' could not be converted to a proto attribute. @ https://static.licdn.com/aero-v1/sc/h/assets/DkGhPu3D.js:0
[   29301ms] [WARNING] Attribute 'exception.tags' of type 'object' could not be converted to a proto attribute. @ https://static.licdn.com/aero-v1/sc/h/assets/DkGhPu3D.js:0
[   29376ms] [WARNING] Attribute 'exception.tags' of type 'object' could not be converted to a proto attribute. @ https://static.licdn.com/aero-v1/sc/h/assets/DkGhPu3D.js:0
[   30719ms] [WARNING] Attribute 'exception.tags' of type 'object' could not be converted to a proto attribute. @ https://static.licdn.com/aero-v1/sc/h/assets/DkGhPu3D.js:0
[   33707ms] [LOG] %c EvalError
    at oM (https://client.protechts.net/PXdOjV695v/main.min.js:2:68828)
    at qO (https://client.protechts.net/PXdOjV695v/main.min.js:2:74656)
    at Ke (https://client.protechts.net/PXdOjV695v/main.min.js:2:227887)
    at Kc (https://client.protechts.net/PXdOjV695v/main.min.js:2:227513)
    at https://client.protechts.net/PXdOjV695v/main.min.js:2:229235
    at https://client.protechts.net/PXdOjV695v/main.min.js:2:229241
    at https://client.protechts.net/PXdOjV695v/main.min.js:2:229706 @ https://client.protechts.net/PXdOjV695v/main.min.js:1
[   33771ms] [LOG] %c EvalError
    at oM (https://client.protechts.net/PXdOjV695v/main.min.js:2:68828)
    at qO (https://client.protechts.net/PXdOjV695v/main.min.js:2:74656)
    at Ke (https://client.protechts.net/PXdOjV695v/main.min.js:2:227887)
    at Kc (https://client.protechts.net/PXdOjV695v/main.min.js:2:227513)
    at https://client.protechts.net/PXdOjV695v/main.min.js:2:229235
    at https://client.protechts.net/PXdOjV695v/main.min.js:2:229241
    at https://client.protechts.net/PXdOjV695v/main.min.js:2:229706 @ https://client.protechts.net/PXdOjV695v/main.min.js:1
[   34187ms] [WARNING] Attribute 'exception.tags' of type 'object' could not be converted to a proto attribute. @ https://static.licdn.com/aero-v1/sc/h/assets/DkGhPu3D.js:0
[   34597ms] [WARNING] Attribute 'exception.tags' of type 'object' could not be converted to a proto attribute. @ https://static.licdn.com/aero-v1/sc/h/assets/DkGhPu3D.js:0
[   34597ms] [WARNING] Attribute 'exception.tags' of type 'object' could not be converted to a proto attribute. @ https://static.licdn.com/aero-v1/sc/h/assets/DkGhPu3D.js:0
[   39132ms] [ERROR] Failed to load resource: net::ERR_FAILED @ chrome-extension://invalid/:0
[   39623ms] [ERROR] Failed to load resource: net::ERR_FAILED @ chrome-extension://invalid/:0
[   40018ms] [LOG] visitor.publishDestinations() result: Attempted to attach and load the destination publishing iframe through this API call. Result: The destination publishing iframe was attached and loaded successfully. @ https://platform.linkedin.com/litms/utag/voyager-web-search/utag.js?cb=1779147000000:7
[   40029ms] [ERROR] Failed to load resource: net::ERR_FAILED @ chrome-extension://invalid/:0
[   40136ms] [ERROR] Failed to load resource: net::ERR_FAILED @ chrome-extension://invalid/:0
[   40287ms] [ERROR] Failed to load resource: net::ERR_FAILED @ chrome-extension://invalid/:0
[   40402ms] [ERROR] Failed to load resource: net::ERR_FAILED @ chrome-extension://invalid/:0
[   40510ms] [ERROR] Failed to load resource: net::ERR_FAILED @ chrome-extension://invalid/:0
[   40629ms] [ERROR] Failed to load resource: net::ERR_FAILED @ chrome-extension://invalid/:0
[   40745ms] [ERROR] Failed to load resource: net::ERR_FAILED @ chrome-extension://invalid/:0
[   40853ms] [ERROR] Failed to load resource: net::ERR_FAILED @ chrome-extension://invalid/:0
[   40965ms] [ERROR] Failed to load resource: net::ERR_FAILED @ chrome-extension://invalid/:0
[   41070ms] [ERROR] Failed to load resource: net::ERR_FAILED @ chrome-extension://invalid/:0
[   41186ms] [ERROR] Failed to load resource: net::ERR_FAILED @ chrome-extension://invalid/:0
[   41294ms] [ERROR] Failed to load resource: net::ERR_FAILED @ chrome-extension://invalid/:0
[   41405ms] [ERROR] Failed to load resource: net::ERR_FAILED @ chrome-extension://invalid/:0
[   41602ms] [ERROR] Failed to load resource: net::ERR_FAILED @ chrome-extension://invalid/:0
[   41715ms] [ERROR] Failed to load resource: net::ERR_FAILED @ chrome-extension://invalid/:0
[   41823ms] [ERROR] Failed to load resource: net::ERR_FAILED @ chrome-extension://invalid/:0
[   41934ms] [ERROR] Failed to load resource: net::ERR_FAILED @ chrome-extension://invalid/:0
[   42045ms] [ERROR] Failed to load resource: net::ERR_FAILED @ chrome-extension://invalid/:0
[   42153ms] [ERROR] Failed to load resource: net::ERR_FAILED @ chrome-extension://invalid/:0
[   42273ms] [ERROR] Failed to load resource: net::ERR_FAILED @ chrome-extension://invalid/:0
[   42576ms] [ERROR] Failed to load resource: net::ERR_FAILED @ chrome-extension://invalid/:0
[   42682ms] [ERROR] Failed to load resource: net::ERR_FAILED @ chrome-extension://invalid/:0
[   42787ms] [ERROR] Failed to load resource: net::ERR_FAILED @ chrome-extension://invalid/:0
[   42900ms] [ERROR] Failed to load resource: net::ERR_FAILED @ chrome-extension://invalid/:0
[   43010ms] [ERROR] Failed to load resource: net::ERR_FAILED @ chrome-extension://invalid/:0
[   43130ms] [ERROR] Failed to load resource: net::ERR_FAILED @ chrome-extension://invalid/:0
[   43244ms] [ERROR] Failed to load resource: net::ERR_FAILED @ chrome-extension://invalid/:0
[   43359ms] [ERROR] Failed to load resource: net::ERR_FAILED @ chrome-extension://invalid/:0
[   43607ms] [ERROR] Failed to load resource: net::ERR_FAILED @ chrome-extension://invalid/:0
[   43711ms] [ERROR] Failed to load resource: net::ERR_FAILED @ chrome-extension://invalid/:0
[   43819ms] [ERROR] Failed to load resource: net::ERR_FAILED @ chrome-extension://invalid/:0
[   43932ms] [ERROR] Failed to load resource: net::ERR_FAILED @ chrome-extension://invalid/:0
[   44042ms] [ERROR] Failed to load resource: net::ERR_FAILED @ chrome-extension://invalid/:0
[   45833ms] [ERROR] Failed to load resource: net::ERR_FAILED @ chrome-extension://invalid/:0
[   45940ms] [ERROR] Failed to load resource: net::ERR_FAILED @ chrome-extension://invalid/:0
[   46052ms] [ERROR] Failed to load resource: net::ERR_FAILED @ chrome-extension://invalid/:0
[   46161ms] [ERROR] Failed to load resource: net::ERR_FAILED @ chrome-extension://invalid/:0
[   46271ms] [ERROR] Failed to load resource: net::ERR_FAILED @ chrome-extension://invalid/:0
[   46379ms] [ERROR] Failed to load resource: net::ERR_FAILED @ chrome-extension://invalid/:0
[   46559ms] [ERROR] Failed to load resource: net::ERR_FAILED @ chrome-extension://invalid/:0
[   46684ms] [ERROR] Failed to load resource: net::ERR_FAILED @ chrome-extension://invalid/:0
[   46837ms] [ERROR] Failed to load resource: net::ERR_FAILED @ chrome-extension://invalid/:0
[   46958ms] [ERROR] Failed to load resource: net::ERR_FAILED @ chrome-extension://invalid/:0
[   47078ms] [ERROR] Failed to load resource: net::ERR_FAILED @ chrome-extension://invalid/:0
[   47183ms] [ERROR] Failed to load resource: net::ERR_FAILED @ chrome-extension://invalid/:0
[   47295ms] [ERROR] Failed to load resource: net::ERR_FAILED @ chrome-extension://invalid/:0
[   47401ms] [ERROR] Failed to load resource: net::ERR_FAILED @ chrome-extension://invalid/:0
[   47551ms] [ERROR] Failed to load resource: net::ERR_FAILED @ chrome-extension://invalid/:0
[   47947ms] [ERROR] Failed to load resource: net::ERR_FAILED @ chrome-extension://invalid/:0
[   54936ms] [ERROR] Failed to load resource: net::ERR_FAILED @ chrome-extension://invalid/:0
[   55044ms] [ERROR] Failed to load resource: net::ERR_FAILED @ chrome-extension://invalid/:0
[   55153ms] [ERROR] Failed to load resource: net::ERR_FAILED @ chrome-extension://invalid/:0
[   55261ms] [ERROR] Failed to load resource: net::ERR_FAILED @ chrome-extension://invalid/:0
[   55369ms] [ERROR] Failed to load resource: net::ERR_FAILED @ chrome-extension://invalid/:0
[   55483ms] [ERROR] Failed to load resource: net::ERR_FAILED @ chrome-extension://invalid/:0
[   55686ms] [ERROR] Failed to load resource: net::ERR_FAILED @ chrome-extension://invalid/:0
[   55790ms] [ERROR] Failed to load resource: net::ERR_FAILED @ chrome-extension://invalid/:0
[   55902ms] [ERROR] Failed to load resource: net::ERR_FAILED @ chrome-extension://invalid/:0
[   56009ms] [ERROR] Failed to load resource: net::ERR_FAILED @ chrome-extension://invalid/:0
[   56120ms] [ERROR] Failed to load resource: net::ERR_FAILED @ chrome-extension://invalid/:0
[   56227ms] [ERROR] Failed to load resource: net::ERR_FAILED @ chrome-extension://invalid/:0
[   56341ms] [ERROR] Failed to load resource: net::ERR_FAILED @ chrome-extension://invalid/:0
[   56449ms] [ERROR] Failed to load resource: net::ERR_FAILED @ chrome-extension://invalid/:0
[   56558ms] [ERROR] Failed to load resource: net::ERR_FAILED @ chrome-extension://invalid/:0
[   56668ms] [ERROR] Failed to load resource: net::ERR_FAILED @ chrome-extension://invalid/:0
[   56776ms] [ERROR] Failed to load resource: net::ERR_FAILED @ chrome-extension://invalid/:0
[   56887ms] [ERROR] Failed to load resource: net::ERR_FAILED @ chrome-extension://invalid/:0
[   57035ms] [ERROR] Failed to load resource: net::ERR_FAILED @ chrome-extension://invalid/:0
[   57144ms] [ERROR] Failed to load resource: net::ERR_FAILED @ chrome-extension://invalid/:0
[   65356ms] [ERROR] Failed to load resource: net::ERR_FAILED @ chrome-extension://invalid/:0
[   65514ms] [ERROR] Failed to load resource: net::ERR_FAILED @ chrome-extension://invalid/:0
[   76842ms] [ERROR] Failed to load resource: net::ERR_CONNECTION_TIMED_OUT @ https://ads.stickyadstv.com/user-matching?id=3661&_t=1779147152161:0
[   76991ms] [ERROR] Failed to load resource: net::ERR_FAILED @ chrome-extension://invalid/:0
[   77098ms] [ERROR] Failed to load resource: net::ERR_FAILED @ chrome-extension://invalid/:0
[   77253ms] [ERROR] Failed to load resource: net::ERR_FAILED @ chrome-extension://invalid/:0
[   77356ms] [ERROR] Failed to load resource: net::ERR_FAILED @ chrome-extension://invalid/:0
[   77471ms] [ERROR] Failed to load resource: net::ERR_FAILED @ chrome-extension://invalid/:0
[   77575ms] [ERROR] Failed to load resource: net::ERR_FAILED @ chrome-extension://invalid/:0
[   77685ms] [ERROR] Failed to load resource: net::ERR_FAILED @ chrome-extension://invalid/:0
[   77795ms] [ERROR] Failed to load resource: net::ERR_FAILED @ chrome-extension://invalid/:0
[   77903ms] [ERROR] Failed to load resource: net::ERR_FAILED @ chrome-extension://invalid/:0
[   78013ms] [ERROR] Failed to load resource: net::ERR_FAILED @ chrome-extension://invalid/:0
[   78131ms] [ERROR] Failed to load resource: net::ERR_FAILED @ chrome-extension://invalid/:0
[   78253ms] [ERROR] Failed to load resource: net::ERR_FAILED @ chrome-extension://invalid/:0
[   86098ms] [ERROR] Failed to load resource: net::ERR_FAILED @ chrome-extension://invalid/:0
[   86415ms] [ERROR] Failed to load resource: net::ERR_FAILED @ chrome-extension://invalid/:0
[   86569ms] [ERROR] Failed to load resource: net::ERR_FAILED @ chrome-extension://invalid/:0
[   86671ms] [ERROR] Failed to load resource: net::ERR_FAILED @ chrome-extension://invalid/:0
[   87170ms] [ERROR] Failed to load resource: net::ERR_FAILED @ chrome-extension://invalid/:0
[   87276ms] [ERROR] Failed to load resource: net::ERR_FAILED @ chrome-extension://invalid/:0
[   87382ms] [ERROR] Failed to load resource: net::ERR_FAILED @ chrome-extension://invalid/:0
[   87493ms] [ERROR] Failed to load resource: net::ERR_FAILED @ chrome-extension://invalid/:0
[   87609ms] [ERROR] Failed to load resource: net::ERR_FAILED @ chrome-extension://invalid/:0
[   87716ms] [ERROR] Failed to load resource: net::ERR_FAILED @ chrome-extension://invalid/:0
[   87824ms] [ERROR] Failed to load resource: net::ERR_FAILED @ chrome-extension://invalid/:0
[   87939ms] [ERROR] Failed to load resource: net::ERR_FAILED @ chrome-extension://invalid/:0
[   88050ms] [ERROR] Failed to load resource: net::ERR_FAILED @ chrome-extension://invalid/:0
[   88163ms] [ERROR] Failed to load resource: net::ERR_FAILED @ chrome-extension://invalid/:0
[   88280ms] [ERROR] Failed to load resource: net::ERR_FAILED @ chrome-extension://invalid/:0
[   88384ms] [ERROR] Failed to load resource: net::ERR_FAILED @ chrome-extension://invalid/:0
[   88513ms] [ERROR] Failed to load resource: net::ERR_FAILED @ chrome-extension://invalid/:0
[   88627ms] [ERROR] Failed to load resource: net::ERR_FAILED @ chrome-extension://invalid/:0
[   88733ms] [ERROR] Failed to load resource: net::ERR_FAILED @ chrome-extension://invalid/:0
[   88854ms] [ERROR] Failed to load resource: net::ERR_FAILED @ chrome-extension://invalid/:0
[   88978ms] [ERROR] Failed to load resource: net::ERR_FAILED @ chrome-extension://invalid/:0
[   89128ms] [ERROR] Failed to load resource: net::ERR_FAILED @ chrome-extension://invalid/:0
[   89236ms] [ERROR] Failed to load resource: net::ERR_FAILED @ chrome-extension://invalid/:0
[   89348ms] [ERROR] Failed to load resource: net::ERR_FAILED @ chrome-extension://invalid/:0
[   89460ms] [ERROR] Failed to load resource: net::ERR_FAILED @ chrome-extension://invalid/:0
[   89569ms] [ERROR] Failed to load resource: net::ERR_FAILED @ chrome-extension://invalid/:0
[   89683ms] [ERROR] Failed to load resource: net::ERR_FAILED @ chrome-extension://invalid/:0
[   89794ms] [ERROR] Failed to load resource: net::ERR_FAILED @ chrome-extension://invalid/:0
[   89908ms] [ERROR] Failed to load resource: net::ERR_FAILED @ chrome-extension://invalid/:0
[   90016ms] [ERROR] Failed to load resource: net::ERR_FAILED @ chrome-extension://invalid/:0
[   90128ms] [ERROR] Failed to load resource: net::ERR_FAILED @ chrome-extension://invalid/:0
[   90244ms] [ERROR] Failed to load resource: net::ERR_FAILED @ chrome-extension://invalid/:0
[   90349ms] [ERROR] Failed to load resource: net::ERR_FAILED @ chrome-extension://invalid/:0
[   90460ms] [ERROR] Failed to load resource: net::ERR_FAILED @ chrome-extension://invalid/:0
[   90569ms] [ERROR] Failed to load resource: net::ERR_FAILED @ chrome-extension://invalid/:0
[   90689ms] [ERROR] Failed to load resource: net::ERR_FAILED @ chrome-extension://invalid/:0
[   90821ms] [ERROR] Failed to load resource: net::ERR_FAILED @ chrome-extension://invalid/:0
[   90927ms] [ERROR] Failed to load resource: net::ERR_FAILED @ chrome-extension://invalid/:0
[   91035ms] [ERROR] Failed to load resource: net::ERR_FAILED @ chrome-extension://invalid/:0
[   91154ms] [ERROR] Failed to load resource: net::ERR_FAILED @ chrome-extension://invalid/:0
[   91276ms] [ERROR] Failed to load resource: net::ERR_FAILED @ chrome-extension://invalid/:0
[   91495ms] [ERROR] Failed to load resource: net::ERR_FAILED @ chrome-extension://invalid/:0
[   91610ms] [ERROR] Failed to load resource: net::ERR_FAILED @ chrome-extension://invalid/:0
[   91727ms] [ERROR] Failed to load resource: net::ERR_FAILED @ chrome-extension://invalid/:0
[   91842ms] [ERROR] Failed to load resource: net::ERR_FAILED @ chrome-extension://invalid/:0
[   91961ms] [ERROR] Failed to load resource: net::ERR_FAILED @ chrome-extension://invalid/:0
[   92071ms] [ERROR] Failed to load resource: net::ERR_FAILED @ chrome-extension://invalid/:0
[   92176ms] [ERROR] Failed to load resource: net::ERR_FAILED @ chrome-extension://invalid/:0
[   92284ms] [ERROR] Failed to load resource: net::ERR_FAILED @ chrome-extension://invalid/:0
[   92395ms] [ERROR] Failed to load resource: net::ERR_FAILED @ chrome-extension://invalid/:0
[   92506ms] [ERROR] Failed to load resource: net::ERR_FAILED @ chrome-extension://invalid/:0
[   92661ms] [ERROR] Failed to load resource: net::ERR_FAILED @ chrome-extension://invalid/:0
[   92770ms] [ERROR] Failed to load resource: net::ERR_FAILED @ chrome-extension://invalid/:0
[   92878ms] [ERROR] Failed to load resource: net::ERR_FAILED @ chrome-extension://invalid/:0
[   92992ms] [ERROR] Failed to load resource: net::ERR_FAILED @ chrome-extension://invalid/:0
[   93104ms] [ERROR] Failed to load resource: net::ERR_FAILED @ chrome-extension://invalid/:0
[   93210ms] [ERROR] Failed to load resource: net::ERR_FAILED @ chrome-extension://invalid/:0
[   93318ms] [ERROR] Failed to load resource: net::ERR_FAILED @ chrome-extension://invalid/:0
[   93425ms] [ERROR] Failed to load resource: net::ERR_FAILED @ chrome-extension://invalid/:0
[   93534ms] [ERROR] Failed to load resource: net::ERR_FAILED @ chrome-extension://invalid/:0
[   93643ms] [ERROR] Failed to load resource: net::ERR_FAILED @ chrome-extension://invalid/:0
[   93760ms] [ERROR] Failed to load resource: net::ERR_FAILED @ chrome-extension://invalid/:0
[   93868ms] [ERROR] Failed to load resource: net::ERR_FAILED @ chrome-extension://invalid/:0
[   93977ms] [ERROR] Failed to load resource: net::ERR_FAILED @ chrome-extension://invalid/:0
[   94081ms] [ERROR] Failed to load resource: net::ERR_FAILED @ chrome-extension://invalid/:0
[   94196ms] [ERROR] Failed to load resource: net::ERR_FAILED @ chrome-extension://invalid/:0
[   94303ms] [ERROR] Failed to load resource: net::ERR_FAILED @ chrome-extension://invalid/:0
[   94409ms] [ERROR] Failed to load resource: net::ERR_FAILED @ chrome-extension://invalid/:0
[   94532ms] [ERROR] Failed to load resource: net::ERR_FAILED @ chrome-extension://invalid/:0
[   94633ms] [ERROR] Failed to load resource: net::ERR_FAILED @ chrome-extension://invalid/:0
[   94743ms] [ERROR] Failed to load resource: net::ERR_FAILED @ chrome-extension://invalid/:0
[   94852ms] [ERROR] Failed to load resource: net::ERR_FAILED @ chrome-extension://invalid/:0
[   94959ms] [ERROR] Failed to load resource: net::ERR_FAILED @ chrome-extension://invalid/:0
[   95074ms] [ERROR] Failed to load resource: net::ERR_FAILED @ chrome-extension://invalid/:0
[   95186ms] [ERROR] Failed to load resource: net::ERR_FAILED @ chrome-extension://invalid/:0
[   95304ms] [ERROR] Failed to load resource: net::ERR_FAILED @ chrome-extension://invalid/:0
[   95412ms] [ERROR] Failed to load resource: net::ERR_FAILED @ chrome-extension://invalid/:0
[   95519ms] [ERROR] Failed to load resource: net::ERR_FAILED @ chrome-extension://invalid/:0
[   95625ms] [ERROR] Failed to load resource: net::ERR_FAILED @ chrome-extension://invalid/:0
[   95737ms] [ERROR] Failed to load resource: net::ERR_FAILED @ chrome-extension://invalid/:0
[   95839ms] [ERROR] Failed to load resource: net::ERR_FAILED @ chrome-extension://invalid/:0
[   95941ms] [ERROR] Failed to load resource: net::ERR_FAILED @ chrome-extension://invalid/:0
[   96042ms] [ERROR] Failed to load resource: net::ERR_FAILED @ chrome-extension://invalid/:0
[   96144ms] [ERROR] Failed to load resource: net::ERR_FAILED @ chrome-extension://invalid/:0
[   96256ms] [ERROR] Failed to load resource: net::ERR_FAILED @ chrome-extension://invalid/:0
[   96358ms] [ERROR] Failed to load resource: net::ERR_FAILED @ chrome-extension://invalid/:0
[   96461ms] [ERROR] Failed to load resource: net::ERR_FAILED @ chrome-extension://invalid/:0
[   96563ms] [ERROR] Failed to load resource: net::ERR_FAILED @ chrome-extension://invalid/:0
[   96666ms] [ERROR] Failed to load resource: net::ERR_FAILED @ chrome-extension://invalid/:0
[   96768ms] [ERROR] Failed to load resource: net::ERR_FAILED @ chrome-extension://invalid/:0
[   96871ms] [ERROR] Failed to load resource: net::ERR_FAILED @ chrome-extension://invalid/:0
[   96973ms] [ERROR] Failed to load resource: net::ERR_FAILED @ chrome-extension://invalid/:0
[   97074ms] [ERROR] Failed to load resource: net::ERR_FAILED @ chrome-extension://invalid/:0
[   97180ms] [ERROR] Failed to load resource: net::ERR_FAILED @ chrome-extension://invalid/:0
[   97286ms] [ERROR] Failed to load resource: net::ERR_FAILED @ chrome-extension://invalid/:0
[   97388ms] [ERROR] Failed to load resource: net::ERR_FAILED @ chrome-extension://invalid/:0
[   97489ms] [ERROR] Failed to load resource: net::ERR_FAILED @ chrome-extension://invalid/:0
[   97591ms] [ERROR] Failed to load resource: net::ERR_FAILED @ chrome-extension://invalid/:0
[   97695ms] [ERROR] Failed to load resource: net::ERR_FAILED @ chrome-extension://invalid/:0
[   97796ms] [ERROR] Failed to load resource: net::ERR_FAILED @ chrome-extension://invalid/:0
[   97903ms] [ERROR] Failed to load resource: net::ERR_FAILED @ chrome-extension://invalid/:0
[   98004ms] [ERROR] Failed to load resource: net::ERR_FAILED @ chrome-extension://invalid/:0
[   98105ms] [ERROR] Failed to load resource: net::ERR_FAILED @ chrome-extension://invalid/:0
[   98209ms] [ERROR] Failed to load resource: net::ERR_FAILED @ chrome-extension://invalid/:0
[   98311ms] [ERROR] Failed to load resource: net::ERR_FAILED @ chrome-extension://invalid/:0
[   98413ms] [ERROR] Failed to load resource: net::ERR_FAILED @ chrome-extension://invalid/:0
[   98515ms] [ERROR] Failed to load resource: net::ERR_FAILED @ chrome-extension://invalid/:0
[   98620ms] [ERROR] Failed to load resource: net::ERR_FAILED @ chrome-extension://invalid/:0
[   98721ms] [ERROR] Failed to load resource: net::ERR_FAILED @ chrome-extension://invalid/:0
[   98823ms] [ERROR] Failed to load resource: net::ERR_FAILED @ chrome-extension://invalid/:0
[   98929ms] [ERROR] Failed to load resource: net::ERR_FAILED @ chrome-extension://invalid/:0
[   99032ms] [ERROR] Failed to load resource: net::ERR_FAILED @ chrome-extension://invalid/:0
[   99136ms] [ERROR] Failed to load resource: net::ERR_FAILED @ chrome-extension://invalid/:0
[   99237ms] [ERROR] Failed to load resource: net::ERR_FAILED @ chrome-extension://invalid/:0
[   99339ms] [ERROR] Failed to load resource: net::ERR_FAILED @ chrome-extension://invalid/:0
[   99441ms] [ERROR] Failed to load resource: net::ERR_FAILED @ chrome-extension://invalid/:0
[   99549ms] [ERROR] Failed to load resource: net::ERR_FAILED @ chrome-extension://invalid/:0
[   99653ms] [ERROR] Failed to load resource: net::ERR_FAILED @ chrome-extension://invalid/:0
[   99754ms] [ERROR] Failed to load resource: net::ERR_FAILED @ chrome-extension://invalid/:0
[   99858ms] [ERROR] Failed to load resource: net::ERR_FAILED @ chrome-extension://invalid/:0
[   99960ms] [ERROR] Failed to load resource: net::ERR_FAILED @ chrome-extension://invalid/:0
[  100061ms] [ERROR] Failed to load resource: net::ERR_FAILED @ chrome-extension://invalid/:0
[  100163ms] [ERROR] Failed to load resource: net::ERR_FAILED @ chrome-extension://invalid/:0
[  100266ms] [ERROR] Failed to load resource: net::ERR_FAILED @ chrome-extension://invalid/:0
[  100370ms] [ERROR] Failed to load resource: net::ERR_FAILED @ chrome-extension://invalid/:0
[  100473ms] [ERROR] Failed to load resource: net::ERR_FAILED @ chrome-extension://invalid/:0
[  100576ms] [ERROR] Failed to load resource: net::ERR_FAILED @ chrome-extension://invalid/:0
[  100679ms] [ERROR] Failed to load resource: net::ERR_FAILED @ chrome-extension://invalid/:0
[  100784ms] [ERROR] Failed to load resource: net::ERR_FAILED @ chrome-extension://invalid/:0
[  100886ms] [ERROR] Failed to load resource: net::ERR_FAILED @ chrome-extension://invalid/:0
[  101112ms] [ERROR] Failed to load resource: net::ERR_FAILED @ chrome-extension://invalid/:0
[  101723ms] [WARNING] Attribute 'exception.tags' of type 'object' could not be converted to a proto attribute. @ https://static.licdn.com/aero-v1/sc/h/assets/DkGhPu3D.js:0
[  101727ms] [ERROR] Failed to load resource: net::ERR_FAILED @ chrome-extension://invalid/:0
[  102239ms] [ERROR] Failed to load resource: net::ERR_FAILED @ chrome-extension://invalid/:0
[  102738ms] [ERROR] Failed to load resource: net::ERR_FAILED @ chrome-extension://invalid/:0
[  103233ms] [ERROR] Failed to load resource: net::ERR_FAILED @ chrome-extension://invalid/:0
[  103383ms] [ERROR] Failed to load resource: net::ERR_FAILED @ chrome-extension://invalid/:0
[  103491ms] [ERROR] Failed to load resource: net::ERR_FAILED @ chrome-extension://invalid/:0
[  103599ms] [ERROR] Failed to load resource: net::ERR_FAILED @ chrome-extension://invalid/:0
[  103763ms] [ERROR] Failed to load resource: net::ERR_FAILED @ chrome-extension://invalid/:0
[  103866ms] [ERROR] Failed to load resource: net::ERR_FAILED @ chrome-extension://invalid/:0
[  103977ms] [ERROR] Failed to load resource: net::ERR_FAILED @ chrome-extension://invalid/:0
[  104079ms] [ERROR] Failed to load resource: net::ERR_FAILED @ chrome-extension://invalid/:0
[  104183ms] [ERROR] Failed to load resource: net::ERR_FAILED @ chrome-extension://invalid/:0
[  104286ms] [ERROR] Failed to load resource: net::ERR_FAILED @ chrome-extension://invalid/:0
[  104387ms] [ERROR] Failed to load resource: net::ERR_FAILED @ chrome-extension://invalid/:0
[  104490ms] [ERROR] Failed to load resource: net::ERR_FAILED @ chrome-extension://invalid/:0
[  104592ms] [ERROR] Failed to load resource: net::ERR_FAILED @ chrome-extension://invalid/:0
[  104696ms] [ERROR] Failed to load resource: net::ERR_FAILED @ chrome-extension://invalid/:0
[  104829ms] [ERROR] Failed to load resource: net::ERR_FAILED @ chrome-extension://invalid/:0
[  104942ms] [ERROR] Failed to load resource: net::ERR_FAILED @ chrome-extension://invalid/:0
[  105044ms] [ERROR] Failed to load resource: net::ERR_FAILED @ chrome-extension://invalid/:0
[  105146ms] [ERROR] Failed to load resource: net::ERR_FAILED @ chrome-extension://invalid/:0
[  105252ms] [ERROR] Failed to load resource: net::ERR_FAILED @ chrome-extension://invalid/:0
[  105354ms] [ERROR] Failed to load resource: net::ERR_FAILED @ chrome-extension://invalid/:0
[  105467ms] [ERROR] Failed to load resource: net::ERR_FAILED @ chrome-extension://invalid/:0
[  105569ms] [ERROR] Failed to load resource: net::ERR_FAILED @ chrome-extension://invalid/:0
[  105676ms] [ERROR] Failed to load resource: net::ERR_FAILED @ chrome-extension://invalid/:0
[  105783ms] [ERROR] Failed to load resource: net::ERR_FAILED @ chrome-extension://invalid/:0
[  105885ms] [ERROR] Failed to load resource: net::ERR_FAILED @ chrome-extension://invalid/:0
[  105991ms] [ERROR] Failed to load resource: net::ERR_FAILED @ chrome-extension://invalid/:0
[  106094ms] [ERROR] Failed to load resource: net::ERR_FAILED @ chrome-extension://invalid/:0
[  106196ms] [ERROR] Failed to load resource: net::ERR_FAILED @ chrome-extension://invalid/:0
[  106299ms] [ERROR] Failed to load resource: net::ERR_FAILED @ chrome-extension://invalid/:0
[  106401ms] [ERROR] Failed to load resource: net::ERR_FAILED @ chrome-extension://invalid/:0
[  106504ms] [ERROR] Failed to load resource: net::ERR_FAILED @ chrome-extension://invalid/:0
[  106606ms] [ERROR] Failed to load resource: net::ERR_FAILED @ chrome-extension://invalid/:0
[  106711ms] [ERROR] Failed to load resource: net::ERR_FAILED @ chrome-extension://invalid/:0
[  106728ms] [WARNING] Attribute 'exception.tags' of type 'object' could not be converted to a proto attribute. @ https://static.licdn.com/aero-v1/sc/h/assets/DkGhPu3D.js:0
[  106835ms] [ERROR] Failed to load resource: net::ERR_FAILED @ chrome-extension://invalid/:0
[  106944ms] [ERROR] Failed to load resource: net::ERR_FAILED @ chrome-extension://invalid/:0
[  107056ms] [ERROR] Failed to load resource: net::ERR_FAILED @ chrome-extension://invalid/:0
[  107163ms] [ERROR] Failed to load resource: net::ERR_FAILED @ chrome-extension://invalid/:0
[  107269ms] [ERROR] Failed to load resource: net::ERR_FAILED @ chrome-extension://invalid/:0
[  107381ms] [ERROR] Failed to load resource: net::ERR_FAILED @ chrome-extension://invalid/:0
[  107484ms] [ERROR] Failed to load resource: net::ERR_FAILED @ chrome-extension://invalid/:0
[  107588ms] [ERROR] Failed to load resource: net::ERR_FAILED @ chrome-extension://invalid/:0
[  107692ms] [ERROR] Failed to load resource: net::ERR_FAILED @ chrome-extension://invalid/:0
[  107795ms] [ERROR] Failed to load resource: net::ERR_FAILED @ chrome-extension://invalid/:0
[  107897ms] [ERROR] Failed to load resource: net::ERR_FAILED @ chrome-extension://invalid/:0
[  107999ms] [ERROR] Failed to load resource: net::ERR_FAILED @ chrome-extension://invalid/:0
[  108101ms] [ERROR] Failed to load resource: net::ERR_FAILED @ chrome-extension://invalid/:0
[  108208ms] [ERROR] Failed to load resource: net::ERR_FAILED @ chrome-extension://invalid/:0
[  108312ms] [ERROR] Failed to load resource: net::ERR_FAILED @ chrome-extension://invalid/:0
[  108444ms] [ERROR] Failed to load resource: net::ERR_FAILED @ chrome-extension://invalid/:0
[  108546ms] [ERROR] Failed to load resource: net::ERR_FAILED @ chrome-extension://invalid/:0
[  108652ms] [ERROR] Failed to load resource: net::ERR_FAILED @ chrome-extension://invalid/:0
[  108754ms] [ERROR] Failed to load resource: net::ERR_FAILED @ chrome-extension://invalid/:0
[  108855ms] [ERROR] Failed to load resource: net::ERR_FAILED @ chrome-extension://invalid/:0
[  108958ms] [ERROR] Failed to load resource: net::ERR_FAILED @ chrome-extension://invalid/:0
[  109062ms] [ERROR] Failed to load resource: net::ERR_FAILED @ chrome-extension://invalid/:0
[  109169ms] [ERROR] Failed to load resource: net::ERR_FAILED @ chrome-extension://invalid/:0
[  109278ms] [ERROR] Failed to load resource: net::ERR_FAILED @ chrome-extension://invalid/:0
[  109393ms] [ERROR] Failed to load resource: net::ERR_FAILED @ chrome-extension://invalid/:0
[  109496ms] [ERROR] Failed to load resource: net::ERR_FAILED @ chrome-extension://invalid/:0
[  109598ms] [ERROR] Failed to load resource: net::ERR_FAILED @ chrome-extension://invalid/:0
[  109700ms] [ERROR] Failed to load resource: net::ERR_FAILED @ chrome-extension://invalid/:0
[  109803ms] [ERROR] Failed to load resource: net::ERR_FAILED @ chrome-extension://invalid/:0
[  109906ms] [ERROR] Failed to load resource: net::ERR_FAILED @ chrome-extension://invalid/:0
[  110014ms] [ERROR] Failed to load resource: net::ERR_FAILED @ chrome-extension://invalid/:0
[  110116ms] [ERROR] Failed to load resource: net::ERR_FAILED @ chrome-extension://invalid/:0
[  110227ms] [ERROR] Failed to load resource: net::ERR_FAILED @ chrome-extension://invalid/:0
[  110329ms] [ERROR] Failed to load resource: net::ERR_FAILED @ chrome-extension://invalid/:0
[  110430ms] [ERROR] Failed to load resource: net::ERR_FAILED @ chrome-extension://invalid/:0
[  110544ms] [ERROR] Failed to load resource: net::ERR_FAILED @ chrome-extension://invalid/:0
[  110647ms] [ERROR] Failed to load resource: net::ERR_FAILED @ chrome-extension://invalid/:0
[  110759ms] [ERROR] Failed to load resource: net::ERR_FAILED @ chrome-extension://invalid/:0
[  113252ms] [LOG] %c EvalError
    at oM (https://client.protechts.net/PXdOjV695v/main.min.js:2:68828)
    at qO (https://client.protechts.net/PXdOjV695v/main.min.js:2:74656)
    at Ke (https://client.protechts.net/PXdOjV695v/main.min.js:2:227887)
    at Kc (https://client.protechts.net/PXdOjV695v/main.min.js:2:227513)
    at https://client.protechts.net/PXdOjV695v/main.min.js:2:229235
    at https://client.protechts.net/PXdOjV695v/main.min.js:2:229241
    at https://client.protechts.net/PXdOjV695v/main.min.js:2:229706 @ https://client.protechts.net/PXdOjV695v/main.min.js:1
[  113266ms] [LOG] %c EvalError
    at oM (https://client.protechts.net/PXdOjV695v/main.min.js:2:68828)
    at qO (https://client.protechts.net/PXdOjV695v/main.min.js:2:74656)
    at Ke (https://client.protechts.net/PXdOjV695v/main.min.js:2:227887)
    at Kc (https://client.protechts.net/PXdOjV695v/main.min.js:2:227513)
    at https://client.protechts.net/PXdOjV695v/main.min.js:2:229235
    at https://client.protechts.net/PXdOjV695v/main.min.js:2:229241
    at https://client.protechts.net/PXdOjV695v/main.min.js:2:229706 @ https://client.protechts.net/PXdOjV695v/main.min.js:1
[  113895ms] [ERROR] Failed to load resource: net::ERR_FAILED @ chrome-extension://invalid/:0
[  114098ms] [ERROR] Failed to load resource: net::ERR_FAILED @ chrome-extension://invalid/:0
[  114411ms] [ERROR] Failed to load resource: net::ERR_FAILED @ chrome-extension://invalid/:0
[  114516ms] [ERROR] Failed to load resource: net::ERR_FAILED @ chrome-extension://invalid/:0
[  114625ms] [ERROR] Failed to load resource: net::ERR_FAILED @ chrome-extension://invalid/:0
[  114731ms] [ERROR] Failed to load resource: net::ERR_FAILED @ chrome-extension://invalid/:0
[  114833ms] [ERROR] Failed to load resource: net::ERR_FAILED @ chrome-extension://invalid/:0
[  114935ms] [ERROR] Failed to load resource: net::ERR_FAILED @ chrome-extension://invalid/:0
[  115041ms] [ERROR] Failed to load resource: net::ERR_FAILED @ chrome-extension://invalid/:0
[  115148ms] [ERROR] Failed to load resource: net::ERR_FAILED @ chrome-extension://invalid/:0
[  115253ms] [ERROR] Failed to load resource: net::ERR_FAILED @ chrome-extension://invalid/:0
[  115356ms] [ERROR] Failed to load resource: net::ERR_FAILED @ chrome-extension://invalid/:0
[  115459ms] [ERROR] Failed to load resource: net::ERR_FAILED @ chrome-extension://invalid/:0
[  115561ms] [ERROR] Failed to load resource: net::ERR_FAILED @ chrome-extension://invalid/:0
[  115663ms] [ERROR] Failed to load resource: net::ERR_FAILED @ chrome-extension://invalid/:0
[  115767ms] [ERROR] Failed to load resource: net::ERR_FAILED @ chrome-extension://invalid/:0
[  115871ms] [ERROR] Failed to load resource: net::ERR_FAILED @ chrome-extension://invalid/:0
[  115980ms] [ERROR] Failed to load resource: net::ERR_FAILED @ chrome-extension://invalid/:0
[  116092ms] [ERROR] Failed to load resource: net::ERR_FAILED @ chrome-extension://invalid/:0
[  116194ms] [ERROR] Failed to load resource: net::ERR_FAILED @ chrome-extension://invalid/:0
[  116300ms] [ERROR] Failed to load resource: net::ERR_FAILED @ chrome-extension://invalid/:0
[  116417ms] [ERROR] Failed to load resource: net::ERR_FAILED @ chrome-extension://invalid/:0
[  116519ms] [ERROR] Failed to load resource: net::ERR_FAILED @ chrome-extension://invalid/:0
[  116622ms] [ERROR] Failed to load resource: net::ERR_FAILED @ chrome-extension://invalid/:0
[  116725ms] [ERROR] Failed to load resource: net::ERR_FAILED @ chrome-extension://invalid/:0
[  116830ms] [ERROR] Failed to load resource: net::ERR_FAILED @ chrome-extension://invalid/:0
[  116932ms] [ERROR] Failed to load resource: net::ERR_FAILED @ chrome-extension://invalid/:0
[  117035ms] [ERROR] Failed to load resource: net::ERR_FAILED @ chrome-extension://invalid/:0
[  117136ms] [ERROR] Failed to load resource: net::ERR_FAILED @ chrome-extension://invalid/:0
[  117238ms] [ERROR] Failed to load resource: net::ERR_FAILED @ chrome-extension://invalid/:0
[  117341ms] [ERROR] Failed to load resource: net::ERR_FAILED @ chrome-extension://invalid/:0
[  117445ms] [ERROR] Failed to load resource: net::ERR_FAILED @ chrome-extension://invalid/:0
[  117547ms] [ERROR] Failed to load resource: net::ERR_FAILED @ chrome-extension://invalid/:0
[  117652ms] [ERROR] Failed to load resource: net::ERR_FAILED @ chrome-extension://invalid/:0
[  117758ms] [ERROR] Failed to load resource: net::ERR_FAILED @ chrome-extension://invalid/:0
[  117861ms] [ERROR] Failed to load resource: net::ERR_FAILED @ chrome-extension://invalid/:0
[  117968ms] [ERROR] Failed to load resource: net::ERR_FAILED @ chrome-extension://invalid/:0
[  118084ms] [ERROR] Failed to load resource: net::ERR_FAILED @ chrome-extension://invalid/:0
[  118199ms] [ERROR] Failed to load resource: net::ERR_FAILED @ chrome-extension://invalid/:0
[  118308ms] [ERROR] Failed to load resource: net::ERR_FAILED @ chrome-extension://invalid/:0
[  118410ms] [ERROR] Failed to load resource: net::ERR_FAILED @ chrome-extension://invalid/:0
[  118518ms] [ERROR] Failed to load resource: net::ERR_FAILED @ chrome-extension://invalid/:0
[  118625ms] [ERROR] Failed to load resource: net::ERR_FAILED @ chrome-extension://invalid/:0
[  118733ms] [ERROR] Failed to load resource: net::ERR_FAILED @ chrome-extension://invalid/:0
[  118835ms] [ERROR] Failed to load resource: net::ERR_FAILED @ chrome-extension://invalid/:0
[  118940ms] [ERROR] Failed to load resource: net::ERR_FAILED @ chrome-extension://invalid/:0
[  119042ms] [ERROR] Failed to load resource: net::ERR_FAILED @ chrome-extension://invalid/:0
[  119151ms] [ERROR] Failed to load resource: net::ERR_FAILED @ chrome-extension://invalid/:0
[  119258ms] [ERROR] Failed to load resource: net::ERR_FAILED @ chrome-extension://invalid/:0
[  119368ms] [ERROR] Failed to load resource: net::ERR_FAILED @ chrome-extension://invalid/:0
[  119469ms] [ERROR] Failed to load resource: net::ERR_FAILED @ chrome-extension://invalid/:0
[  119583ms] [ERROR] Failed to load resource: net::ERR_FAILED @ chrome-extension://invalid/:0
[  119684ms] [ERROR] Failed to load resource: net::ERR_FAILED @ chrome-extension://invalid/:0
[  119794ms] [ERROR] Failed to load resource: net::ERR_FAILED @ chrome-extension://invalid/:0
[  119901ms] [ERROR] Failed to load resource: net::ERR_FAILED @ chrome-extension://invalid/:0
[  120028ms] [ERROR] Failed to load resource: net::ERR_FAILED @ chrome-extension://invalid/:0
[  120140ms] [ERROR] Failed to load resource: net::ERR_FAILED @ chrome-extension://invalid/:0
[  120243ms] [ERROR] Failed to load resource: net::ERR_FAILED @ chrome-extension://invalid/:0
[  120348ms] [ERROR] Failed to load resource: net::ERR_FAILED @ chrome-extension://invalid/:0
[  120450ms] [ERROR] Failed to load resource: net::ERR_FAILED @ chrome-extension://invalid/:0
[  120555ms] [ERROR] Failed to load resource: net::ERR_FAILED @ chrome-extension://invalid/:0
[  120668ms] [ERROR] Failed to load resource: net::ERR_FAILED @ chrome-extension://invalid/:0
[  120771ms] [ERROR] Failed to load resource: net::ERR_FAILED @ chrome-extension://invalid/:0
[  120872ms] [ERROR] Failed to load resource: net::ERR_FAILED @ chrome-extension://invalid/:0
[  120976ms] [ERROR] Failed to load resource: net::ERR_FAILED @ chrome-extension://invalid/:0
[  121078ms] [ERROR] Failed to load resource: net::ERR_FAILED @ chrome-extension://invalid/:0
[  121180ms] [ERROR] Failed to load resource: net::ERR_FAILED @ chrome-extension://invalid/:0
[  121295ms] [ERROR] Failed to load resource: net::ERR_FAILED @ chrome-extension://invalid/:0
[  121398ms] [ERROR] Failed to load resource: net::ERR_FAILED @ chrome-extension://invalid/:0
[  121500ms] [ERROR] Failed to load resource: net::ERR_FAILED @ chrome-extension://invalid/:0
[  121602ms] [ERROR] Failed to load resource: net::ERR_FAILED @ chrome-extension://invalid/:0
[  121704ms] [ERROR] Failed to load resource: net::ERR_FAILED @ chrome-extension://invalid/:0
[  121805ms] [ERROR] Failed to load resource: net::ERR_FAILED @ chrome-extension://invalid/:0
[  121906ms] [ERROR] Failed to load resource: net::ERR_FAILED @ chrome-extension://invalid/:0
[  122012ms] [ERROR] Failed to load resource: net::ERR_FAILED @ chrome-extension://invalid/:0
[  122117ms] [ERROR] Failed to load resource: net::ERR_FAILED @ chrome-extension://invalid/:0
[  122218ms] [ERROR] Failed to load resource: net::ERR_FAILED @ chrome-extension://invalid/:0
[  122321ms] [ERROR] Failed to load resource: net::ERR_FAILED @ chrome-extension://invalid/:0
[  122425ms] [ERROR] Failed to load resource: net::ERR_FAILED @ chrome-extension://invalid/:0
[  122535ms] [ERROR] Failed to load resource: net::ERR_FAILED @ chrome-extension://invalid/:0
[  122644ms] [ERROR] Failed to load resource: net::ERR_FAILED @ chrome-extension://invalid/:0
[  122747ms] [ERROR] Failed to load resource: net::ERR_FAILED @ chrome-extension://invalid/:0
[  122852ms] [ERROR] Failed to load resource: net::ERR_FAILED @ chrome-extension://invalid/:0
[  122966ms] [ERROR] Failed to load resource: net::ERR_FAILED @ chrome-extension://invalid/:0
[  123074ms] [ERROR] Failed to load resource: net::ERR_FAILED @ chrome-extension://invalid/:0
[  123176ms] [ERROR] Failed to load resource: net::ERR_FAILED @ chrome-extension://invalid/:0
[  123278ms] [ERROR] Failed to load resource: net::ERR_FAILED @ chrome-extension://invalid/:0
[  123383ms] [ERROR] Failed to load resource: net::ERR_FAILED @ chrome-extension://invalid/:0
[  123494ms] [ERROR] Failed to load resource: net::ERR_FAILED @ chrome-extension://invalid/:0
[  123610ms] [ERROR] Failed to load resource: net::ERR_FAILED @ chrome-extension://invalid/:0
[  123717ms] [ERROR] Failed to load resource: net::ERR_FAILED @ chrome-extension://invalid/:0
[  123905ms] [ERROR] Failed to load resource: net::ERR_FAILED @ chrome-extension://invalid/:0
[  124016ms] [ERROR] Failed to load resource: net::ERR_FAILED @ chrome-extension://invalid/:0
[  124186ms] [ERROR] Failed to load resource: net::ERR_FAILED @ chrome-extension://invalid/:0
[  124300ms] [ERROR] Failed to load resource: net::ERR_FAILED @ chrome-extension://invalid/:0
[  124409ms] [ERROR] Failed to load resource: net::ERR_FAILED @ chrome-extension://invalid/:0
[  124518ms] [ERROR] Failed to load resource: net::ERR_FAILED @ chrome-extension://invalid/:0
[  124625ms] [ERROR] Failed to load resource: net::ERR_FAILED @ chrome-extension://invalid/:0
[  124733ms] [ERROR] Failed to load resource: net::ERR_FAILED @ chrome-extension://invalid/:0
[  124850ms] [ERROR] Failed to load resource: net::ERR_FAILED @ chrome-extension://invalid/:0
[  134521ms] [ERROR] Failed to load resource: net::ERR_FAILED @ chrome-extension://invalid/:0
[  134654ms] [ERROR] Failed to load resource: net::ERR_FAILED @ chrome-extension://invalid/:0
[  134756ms] [ERROR] Failed to load resource: net::ERR_FAILED @ chrome-extension://invalid/:0
[  134874ms] [ERROR] Failed to load resource: net::ERR_FAILED @ chrome-extension://invalid/:0
[  134993ms] [ERROR] Failed to load resource: net::ERR_FAILED @ chrome-extension://invalid/:0
[  143128ms] [ERROR] Failed to load resource: net::ERR_FAILED @ chrome-extension://invalid/:0
[  143237ms] [ERROR] Failed to load resource: net::ERR_FAILED @ chrome-extension://invalid/:0
[  143552ms] [ERROR] Failed to load resource: net::ERR_FAILED @ chrome-extension://invalid/:0
[  143685ms] [ERROR] Failed to load resource: net::ERR_FAILED @ chrome-extension://invalid/:0
[  143863ms] [ERROR] Failed to load resource: net::ERR_FAILED @ chrome-extension://invalid/:0
[  144491ms] [ERROR] Failed to load resource: net::ERR_FAILED @ chrome-extension://invalid/:0
[  144597ms] [ERROR] Failed to load resource: net::ERR_FAILED @ chrome-extension://invalid/:0
[  144702ms] [ERROR] Failed to load resource: net::ERR_FAILED @ chrome-extension://invalid/:0
[  144827ms] [ERROR] Failed to load resource: net::ERR_FAILED @ chrome-extension://invalid/:0
[  144940ms] [ERROR] Failed to load resource: net::ERR_FAILED @ chrome-extension://invalid/:0
[  145061ms] [ERROR] Failed to load resource: net::ERR_FAILED @ chrome-extension://invalid/:0
[  145166ms] [ERROR] Failed to load resource: net::ERR_FAILED @ chrome-extension://invalid/:0
[  145275ms] [ERROR] Failed to load resource: net::ERR_FAILED @ chrome-extension://invalid/:0
[  145384ms] [ERROR] Failed to load resource: net::ERR_FAILED @ chrome-extension://invalid/:0
[  145491ms] [ERROR] Failed to load resource: net::ERR_FAILED @ chrome-extension://invalid/:0
[  145601ms] [ERROR] Failed to load resource: net::ERR_FAILED @ chrome-extension://invalid/:0
[  145710ms] [ERROR] Failed to load resource: net::ERR_FAILED @ chrome-extension://invalid/:0
[  145814ms] [ERROR] Failed to load resource: net::ERR_FAILED @ chrome-extension://invalid/:0
[  145926ms] [ERROR] Failed to load resource: net::ERR_FAILED @ chrome-extension://invalid/:0
[  146043ms] [ERROR] Failed to load resource: net::ERR_FAILED @ chrome-extension://invalid/:0
[  146158ms] [ERROR] Failed to load resource: net::ERR_FAILED @ chrome-extension://invalid/:0
[  146266ms] [ERROR] Failed to load resource: net::ERR_FAILED @ chrome-extension://invalid/:0
[  146375ms] [ERROR] Failed to load resource: net::ERR_FAILED @ chrome-extension://invalid/:0
[  146486ms] [ERROR] Failed to load resource: net::ERR_FAILED @ chrome-extension://invalid/:0
[  146593ms] [ERROR] Failed to load resource: net::ERR_FAILED @ chrome-extension://invalid/:0
[  146709ms] [ERROR] Failed to load resource: net::ERR_FAILED @ chrome-extension://invalid/:0
[  146812ms] [ERROR] Failed to load resource: net::ERR_FAILED @ chrome-extension://invalid/:0
[  146924ms] [ERROR] Failed to load resource: net::ERR_FAILED @ chrome-extension://invalid/:0
[  147040ms] [ERROR] Failed to load resource: net::ERR_FAILED @ chrome-extension://invalid/:0
[  147150ms] [ERROR] Failed to load resource: net::ERR_FAILED @ chrome-extension://invalid/:0
[  147262ms] [ERROR] Failed to load resource: net::ERR_FAILED @ chrome-extension://invalid/:0
[  147512ms] [ERROR] Failed to load resource: net::ERR_FAILED @ chrome-extension://invalid/:0
[  147697ms] [ERROR] Failed to load resource: net::ERR_FAILED @ chrome-extension://invalid/:0
[  147806ms] [ERROR] Failed to load resource: net::ERR_FAILED @ chrome-extension://invalid/:0
[  147908ms] [ERROR] Failed to load resource: net::ERR_FAILED @ chrome-extension://invalid/:0
[  148010ms] [ERROR] Failed to load resource: net::ERR_FAILED @ chrome-extension://invalid/:0
[  148113ms] [ERROR] Failed to load resource: net::ERR_FAILED @ chrome-extension://invalid/:0
[  148215ms] [ERROR] Failed to load resource: net::ERR_FAILED @ chrome-extension://invalid/:0
[  148318ms] [ERROR] Failed to load resource: net::ERR_FAILED @ chrome-extension://invalid/:0
[  148421ms] [ERROR] Failed to load resource: net::ERR_FAILED @ chrome-extension://invalid/:0
[  148523ms] [ERROR] Failed to load resource: net::ERR_FAILED @ chrome-extension://invalid/:0
[  148625ms] [ERROR] Failed to load resource: net::ERR_FAILED @ chrome-extension://invalid/:0
[  148728ms] [ERROR] Failed to load resource: net::ERR_FAILED @ chrome-extension://invalid/:0
[  148830ms] [ERROR] Failed to load resource: net::ERR_FAILED @ chrome-extension://invalid/:0
[  148933ms] [ERROR] Failed to load resource: net::ERR_FAILED @ chrome-extension://invalid/:0
[  149035ms] [ERROR] Failed to load resource: net::ERR_FAILED @ chrome-extension://invalid/:0
[  149136ms] [ERROR] Failed to load resource: net::ERR_FAILED @ chrome-extension://invalid/:0
[  149238ms] [ERROR] Failed to load resource: net::ERR_FAILED @ chrome-extension://invalid/:0
[  149339ms] [ERROR] Failed to load resource: net::ERR_FAILED @ chrome-extension://invalid/:0
[  149441ms] [ERROR] Failed to load resource: net::ERR_FAILED @ chrome-extension://invalid/:0
[  149543ms] [ERROR] Failed to load resource: net::ERR_FAILED @ chrome-extension://invalid/:0
[  149645ms] [ERROR] Failed to load resource: net::ERR_FAILED @ chrome-extension://invalid/:0
[  149746ms] [ERROR] Failed to load resource: net::ERR_FAILED @ chrome-extension://invalid/:0
[  149847ms] [ERROR] Failed to load resource: net::ERR_FAILED @ chrome-extension://invalid/:0
[  149950ms] [ERROR] Failed to load resource: net::ERR_FAILED @ chrome-extension://invalid/:0
[  150052ms] [ERROR] Failed to load resource: net::ERR_FAILED @ chrome-extension://invalid/:0
[  150154ms] [ERROR] Failed to load resource: net::ERR_FAILED @ chrome-extension://invalid/:0
[  150255ms] [ERROR] Failed to load resource: net::ERR_FAILED @ chrome-extension://invalid/:0
[  150359ms] [ERROR] Failed to load resource: net::ERR_FAILED @ chrome-extension://invalid/:0
[  150546ms] [ERROR] Failed to load resource: net::ERR_FAILED @ chrome-extension://invalid/:0
[  150648ms] [ERROR] Failed to load resource: net::ERR_FAILED @ chrome-extension://invalid/:0
[  150751ms] [ERROR] Failed to load resource: net::ERR_FAILED @ chrome-extension://invalid/:0
[  150853ms] [ERROR] Failed to load resource: net::ERR_FAILED @ chrome-extension://invalid/:0
[  150956ms] [ERROR] Failed to load resource: net::ERR_FAILED @ chrome-extension://invalid/:0
[  151057ms] [ERROR] Failed to load resource: net::ERR_FAILED @ chrome-extension://invalid/:0
[  151162ms] [ERROR] Failed to load resource: net::ERR_FAILED @ chrome-extension://invalid/:0
[  151266ms] [ERROR] Failed to load resource: net::ERR_FAILED @ chrome-extension://invalid/:0
[  151370ms] [ERROR] Failed to load resource: net::ERR_FAILED @ chrome-extension://invalid/:0
[  151474ms] [ERROR] Failed to load resource: net::ERR_FAILED @ chrome-extension://invalid/:0
[  151580ms] [ERROR] Failed to load resource: net::ERR_FAILED @ chrome-extension://invalid/:0
[  151683ms] [ERROR] Failed to load resource: net::ERR_FAILED @ chrome-extension://invalid/:0
[  151784ms] [ERROR] Failed to load resource: net::ERR_FAILED @ chrome-extension://invalid/:0
[  151887ms] [ERROR] Failed to load resource: net::ERR_FAILED @ chrome-extension://invalid/:0
[  151989ms] [ERROR] Failed to load resource: net::ERR_FAILED @ chrome-extension://invalid/:0
[  152092ms] [ERROR] Failed to load resource: net::ERR_FAILED @ chrome-extension://invalid/:0
[  152208ms] [ERROR] Failed to load resource: net::ERR_FAILED @ chrome-extension://invalid/:0
[  152325ms] [ERROR] Failed to load resource: net::ERR_FAILED @ chrome-extension://invalid/:0
[  152917ms] [WARNING] BooleanExpression with operator "numericEquals" had an expression that evaluated to null on one side. @ https://static.licdn.com/aero-v1/sc/h/assets/CCSbo0WZ.js:0
[  152917ms] [WARNING] BooleanExpression with operator "numericEquals" had an expression that evaluated to null on one side. @ https://static.licdn.com/aero-v1/sc/h/assets/CCSbo0WZ.js:0
[  152921ms] [WARNING] BooleanExpression with operator "numericEquals" had an expression that evaluated to null on one side. @ https://static.licdn.com/aero-v1/sc/h/assets/CCSbo0WZ.js:0
[  152921ms] [WARNING] BooleanExpression with operator "numericEquals" had an expression that evaluated to null on one side. @ https://static.licdn.com/aero-v1/sc/h/assets/CCSbo0WZ.js:0
[  152928ms] [WARNING] BooleanExpression with operator "stringEquals" had an expression that evaluated to null on one side. @ https://static.licdn.com/aero-v1/sc/h/assets/CCSbo0WZ.js:0
[  152928ms] [WARNING] BooleanExpression with operator "or" had an expression that evaluated to null on one side. @ https://static.licdn.com/aero-v1/sc/h/assets/CCSbo0WZ.js:0
[  152928ms] [WARNING] BooleanExpression with operator "not" had an expression that evaluated to null on one side. @ https://static.licdn.com/aero-v1/sc/h/assets/CCSbo0WZ.js:0
[  152928ms] [WARNING] BooleanExpression with operator "and" had an expression that evaluated to null on one side. @ https://static.licdn.com/aero-v1/sc/h/assets/CCSbo0WZ.js:0
[  152928ms] [WARNING] BooleanExpression with operator "stringEquals" had an expression that evaluated to null on one side. @ https://static.licdn.com/aero-v1/sc/h/assets/CCSbo0WZ.js:0
[  152928ms] [WARNING] BooleanExpression with operator "or" had an expression that evaluated to null on one side. @ https://static.licdn.com/aero-v1/sc/h/assets/CCSbo0WZ.js:0
[  152929ms] [WARNING] BooleanExpression with operator "not" had an expression that evaluated to null on one side. @ https://static.licdn.com/aero-v1/sc/h/assets/CCSbo0WZ.js:0
[  152929ms] [WARNING] BooleanExpression with operator "and" had an expression that evaluated to null on one side. @ https://static.licdn.com/aero-v1/sc/h/assets/CCSbo0WZ.js:0
[  152944ms] [WARNING] BooleanExpression with operator "stringEquals" had an expression that evaluated to null on one side. @ https://static.licdn.com/aero-v1/sc/h/assets/CCSbo0WZ.js:0
[  152944ms] [WARNING] BooleanExpression with operator "stringEquals" had an expression that evaluated to null on one side. @ https://static.licdn.com/aero-v1/sc/h/assets/CCSbo0WZ.js:0
[  152944ms] [WARNING] BooleanExpression with operator "stringEquals" had an expression that evaluated to null on one side. @ https://static.licdn.com/aero-v1/sc/h/assets/CCSbo0WZ.js:0
[  152944ms] [WARNING] BooleanExpression with operator "stringEquals" had an expression that evaluated to null on one side. @ https://static.licdn.com/aero-v1/sc/h/assets/CCSbo0WZ.js:0
[  152970ms] [WARNING] BooleanExpression with operator "numericEquals" had an expression that evaluated to null on one side. @ https://static.licdn.com/aero-v1/sc/h/assets/CCSbo0WZ.js:0
[  152970ms] [WARNING] BooleanExpression with operator "numericEquals" had an expression that evaluated to null on one side. @ https://static.licdn.com/aero-v1/sc/h/assets/CCSbo0WZ.js:0
[  152972ms] [WARNING] BooleanExpression with operator "numericEquals" had an expression that evaluated to null on one side. @ https://static.licdn.com/aero-v1/sc/h/assets/CCSbo0WZ.js:0
[  152972ms] [WARNING] BooleanExpression with operator "numericEquals" had an expression that evaluated to null on one side. @ https://static.licdn.com/aero-v1/sc/h/assets/CCSbo0WZ.js:0
[  152976ms] [WARNING] BooleanExpression with operator "stringEquals" had an expression that evaluated to null on one side. @ https://static.licdn.com/aero-v1/sc/h/assets/CCSbo0WZ.js:0
[  152976ms] [WARNING] BooleanExpression with operator "or" had an expression that evaluated to null on one side. @ https://static.licdn.com/aero-v1/sc/h/assets/CCSbo0WZ.js:0
[  152976ms] [WARNING] BooleanExpression with operator "not" had an expression that evaluated to null on one side. @ https://static.licdn.com/aero-v1/sc/h/assets/CCSbo0WZ.js:0
[  152976ms] [WARNING] BooleanExpression with operator "and" had an expression that evaluated to null on one side. @ https://static.licdn.com/aero-v1/sc/h/assets/CCSbo0WZ.js:0
[  152976ms] [WARNING] BooleanExpression with operator "stringEquals" had an expression that evaluated to null on one side. @ https://static.licdn.com/aero-v1/sc/h/assets/CCSbo0WZ.js:0
[  152976ms] [WARNING] BooleanExpression with operator "or" had an expression that evaluated to null on one side. @ https://static.licdn.com/aero-v1/sc/h/assets/CCSbo0WZ.js:0
[  152976ms] [WARNING] BooleanExpression with operator "not" had an expression that evaluated to null on one side. @ https://static.licdn.com/aero-v1/sc/h/assets/CCSbo0WZ.js:0
[  152977ms] [WARNING] BooleanExpression with operator "and" had an expression that evaluated to null on one side. @ https://static.licdn.com/aero-v1/sc/h/assets/CCSbo0WZ.js:0
[  152988ms] [WARNING] BooleanExpression with operator "stringEquals" had an expression that evaluated to null on one side. @ https://static.licdn.com/aero-v1/sc/h/assets/CCSbo0WZ.js:0
[  152988ms] [WARNING] BooleanExpression with operator "stringEquals" had an expression that evaluated to null on one side. @ https://static.licdn.com/aero-v1/sc/h/assets/CCSbo0WZ.js:0
[  152989ms] [WARNING] BooleanExpression with operator "stringEquals" had an expression that evaluated to null on one side. @ https://static.licdn.com/aero-v1/sc/h/assets/CCSbo0WZ.js:0
[  152989ms] [WARNING] BooleanExpression with operator "stringEquals" had an expression that evaluated to null on one side. @ https://static.licdn.com/aero-v1/sc/h/assets/CCSbo0WZ.js:0
[  152994ms] [WARNING] BooleanExpression with operator "numericGreaterThan" had an expression that evaluated to null on one side. @ https://static.licdn.com/aero-v1/sc/h/assets/CCSbo0WZ.js:0
[  152994ms] [WARNING] BooleanExpression with operator "numericGreaterThan" had an expression that evaluated to null on one side. @ https://static.licdn.com/aero-v1/sc/h/assets/CCSbo0WZ.js:0
[  153007ms] [WARNING] BooleanExpression with operator "numericGreaterThan" had an expression that evaluated to null on one side. @ https://static.licdn.com/aero-v1/sc/h/assets/CCSbo0WZ.js:0
[  153007ms] [WARNING] BooleanExpression with operator "numericGreaterThan" had an expression that evaluated to null on one side. @ https://static.licdn.com/aero-v1/sc/h/assets/CCSbo0WZ.js:0
[  153025ms] [WARNING] BooleanExpression with operator "numericGreaterThan" had an expression that evaluated to null on one side. @ https://static.licdn.com/aero-v1/sc/h/assets/CCSbo0WZ.js:0
[  153026ms] [WARNING] BooleanExpression with operator "numericGreaterThan" had an expression that evaluated to null on one side. @ https://static.licdn.com/aero-v1/sc/h/assets/CCSbo0WZ.js:0
[  153072ms] [WARNING] BooleanExpression with operator "numericEquals" had an expression that evaluated to null on one side. @ https://static.licdn.com/aero-v1/sc/h/assets/CCSbo0WZ.js:0
[  153072ms] [WARNING] BooleanExpression with operator "and" had an expression that evaluated to null on one side. @ https://static.licdn.com/aero-v1/sc/h/assets/CCSbo0WZ.js:0
[  153072ms] [WARNING] BooleanExpression with operator "and" had an expression that evaluated to null on one side. @ https://static.licdn.com/aero-v1/sc/h/assets/CCSbo0WZ.js:0
[  153073ms] [WARNING] BooleanExpression with operator "numericEquals" had an expression that evaluated to null on one side. @ https://static.licdn.com/aero-v1/sc/h/assets/CCSbo0WZ.js:0
[  153073ms] [WARNING] BooleanExpression with operator "and" had an expression that evaluated to null on one side. @ https://static.licdn.com/aero-v1/sc/h/assets/CCSbo0WZ.js:0
[  153073ms] [WARNING] BooleanExpression with operator "and" had an expression that evaluated to null on one side. @ https://static.licdn.com/aero-v1/sc/h/assets/CCSbo0WZ.js:0
[  153073ms] [WARNING] BooleanExpression with operator "numericEquals" had an expression that evaluated to null on one side. @ https://static.licdn.com/aero-v1/sc/h/assets/CCSbo0WZ.js:0
[  153074ms] [WARNING] BooleanExpression with operator "and" had an expression that evaluated to null on one side. @ https://static.licdn.com/aero-v1/sc/h/assets/CCSbo0WZ.js:0
[  153074ms] [WARNING] BooleanExpression with operator "and" had an expression that evaluated to null on one side. @ https://static.licdn.com/aero-v1/sc/h/assets/CCSbo0WZ.js:0
[  153075ms] [WARNING] BooleanExpression with operator "numericEquals" had an expression that evaluated to null on one side. @ https://static.licdn.com/aero-v1/sc/h/assets/CCSbo0WZ.js:0
[  153075ms] [WARNING] BooleanExpression with operator "and" had an expression that evaluated to null on one side. @ https://static.licdn.com/aero-v1/sc/h/assets/CCSbo0WZ.js:0
[  153075ms] [WARNING] BooleanExpression with operator "and" had an expression that evaluated to null on one side. @ https://static.licdn.com/aero-v1/sc/h/assets/CCSbo0WZ.js:0
[  153076ms] [WARNING] BooleanExpression with operator "numericEquals" had an expression that evaluated to null on one side. @ https://static.licdn.com/aero-v1/sc/h/assets/CCSbo0WZ.js:0
[  153076ms] [WARNING] BooleanExpression with operator "and" had an expression that evaluated to null on one side. @ https://static.licdn.com/aero-v1/sc/h/assets/CCSbo0WZ.js:0
[  153076ms] [WARNING] BooleanExpression with operator "and" had an expression that evaluated to null on one side. @ https://static.licdn.com/aero-v1/sc/h/assets/CCSbo0WZ.js:0
[  153076ms] [WARNING] BooleanExpression with operator "numericEquals" had an expression that evaluated to null on one side. @ https://static.licdn.com/aero-v1/sc/h/assets/CCSbo0WZ.js:0
[  153076ms] [WARNING] BooleanExpression with operator "and" had an expression that evaluated to null on one side. @ https://static.licdn.com/aero-v1/sc/h/assets/CCSbo0WZ.js:0
[  153076ms] [WARNING] BooleanExpression with operator "and" had an expression that evaluated to null on one side. @ https://static.licdn.com/aero-v1/sc/h/assets/CCSbo0WZ.js:0
[  153080ms] [WARNING] BooleanExpression with operator "numericEquals" had an expression that evaluated to null on one side. @ https://static.licdn.com/aero-v1/sc/h/assets/CCSbo0WZ.js:0
[  153080ms] [WARNING] BooleanExpression with operator "and" had an expression that evaluated to null on one side. @ https://static.licdn.com/aero-v1/sc/h/assets/CCSbo0WZ.js:0
[  153080ms] [WARNING] BooleanExpression with operator "and" had an expression that evaluated to null on one side. @ https://static.licdn.com/aero-v1/sc/h/assets/CCSbo0WZ.js:0
[  153080ms] [WARNING] BooleanExpression with operator "numericEquals" had an expression that evaluated to null on one side. @ https://static.licdn.com/aero-v1/sc/h/assets/CCSbo0WZ.js:0
[  153081ms] [WARNING] BooleanExpression with operator "and" had an expression that evaluated to null on one side. @ https://static.licdn.com/aero-v1/sc/h/assets/CCSbo0WZ.js:0
[  153081ms] [WARNING] BooleanExpression with operator "and" had an expression that evaluated to null on one side. @ https://static.licdn.com/aero-v1/sc/h/assets/CCSbo0WZ.js:0
[  153081ms] [WARNING] BooleanExpression with operator "numericEquals" had an expression that evaluated to null on one side. @ https://static.licdn.com/aero-v1/sc/h/assets/CCSbo0WZ.js:0
[  153081ms] [WARNING] BooleanExpression with operator "and" had an expression that evaluated to null on one side. @ https://static.licdn.com/aero-v1/sc/h/assets/CCSbo0WZ.js:0
[  153082ms] [WARNING] BooleanExpression with operator "and" had an expression that evaluated to null on one side. @ https://static.licdn.com/aero-v1/sc/h/assets/CCSbo0WZ.js:0
[  153083ms] [WARNING] BooleanExpression with operator "numericEquals" had an expression that evaluated to null on one side. @ https://static.licdn.com/aero-v1/sc/h/assets/CCSbo0WZ.js:0
[  153083ms] [WARNING] BooleanExpression with operator "and" had an expression that evaluated to null on one side. @ https://static.licdn.com/aero-v1/sc/h/assets/CCSbo0WZ.js:0
[  153083ms] [WARNING] BooleanExpression with operator "and" had an expression that evaluated to null on one side. @ https://static.licdn.com/aero-v1/sc/h/assets/CCSbo0WZ.js:0
[  153083ms] [WARNING] BooleanExpression with operator "numericEquals" had an expression that evaluated to null on one side. @ https://static.licdn.com/aero-v1/sc/h/assets/CCSbo0WZ.js:0
[  153083ms] [WARNING] BooleanExpression with operator "and" had an expression that evaluated to null on one side. @ https://static.licdn.com/aero-v1/sc/h/assets/CCSbo0WZ.js:0
[  153084ms] [WARNING] BooleanExpression with operator "and" had an expression that evaluated to null on one side. @ https://static.licdn.com/aero-v1/sc/h/assets/CCSbo0WZ.js:0
[  153084ms] [WARNING] BooleanExpression with operator "numericEquals" had an expression that evaluated to null on one side. @ https://static.licdn.com/aero-v1/sc/h/assets/CCSbo0WZ.js:0
[  153084ms] [WARNING] BooleanExpression with operator "and" had an expression that evaluated to null on one side. @ https://static.licdn.com/aero-v1/sc/h/assets/CCSbo0WZ.js:0
[  153084ms] [WARNING] BooleanExpression with operator "and" had an expression that evaluated to null on one side. @ https://static.licdn.com/aero-v1/sc/h/assets/CCSbo0WZ.js:0
[  153116ms] [WARNING] BooleanExpression with operator "stringEquals" had an expression that evaluated to null on one side. @ https://static.licdn.com/aero-v1/sc/h/assets/CCSbo0WZ.js:0
[  153116ms] [WARNING] BooleanExpression with operator "not" had an expression that evaluated to null on one side. @ https://static.licdn.com/aero-v1/sc/h/assets/CCSbo0WZ.js:0
[  153116ms] [WARNING] BooleanExpression with operator "stringEquals" had an expression that evaluated to null on one side. @ https://static.licdn.com/aero-v1/sc/h/assets/CCSbo0WZ.js:0
[  153116ms] [WARNING] BooleanExpression with operator "not" had an expression that evaluated to null on one side. @ https://static.licdn.com/aero-v1/sc/h/assets/CCSbo0WZ.js:0
[  153138ms] [WARNING] BooleanExpression with operator "numericGreaterThan" had an expression that evaluated to null on one side. @ https://static.licdn.com/aero-v1/sc/h/assets/CCSbo0WZ.js:0
[  153138ms] [WARNING] BooleanExpression with operator "numericGreaterThan" had an expression that evaluated to null on one side. @ https://static.licdn.com/aero-v1/sc/h/assets/CCSbo0WZ.js:0
[  153161ms] [WARNING] BooleanExpression with operator "numericGreaterThan" had an expression that evaluated to null on one side. @ https://static.licdn.com/aero-v1/sc/h/assets/CCSbo0WZ.js:0
[  153161ms] [WARNING] BooleanExpression with operator "numericGreaterThan" had an expression that evaluated to null on one side. @ https://static.licdn.com/aero-v1/sc/h/assets/CCSbo0WZ.js:0
[  153177ms] [WARNING] BooleanExpression with operator "numericGreaterThan" had an expression that evaluated to null on one side. @ https://static.licdn.com/aero-v1/sc/h/assets/CCSbo0WZ.js:0
[  153177ms] [WARNING] BooleanExpression with operator "numericGreaterThan" had an expression that evaluated to null on one side. @ https://static.licdn.com/aero-v1/sc/h/assets/CCSbo0WZ.js:0
[  153326ms] [WARNING] Attribute 'exception.tags' of type 'object' could not be converted to a proto attribute. @ https://static.licdn.com/aero-v1/sc/h/assets/DkGhPu3D.js:0
[  153330ms] Error: Minified React error #418; visit https://react.dev/errors/418?args[]= for the full message or use the non-minified dev environment for full errors and additional helpful warnings.
    at rw (https://static.licdn.com/aero-v1/sc/h/assets/BDqwEdCl.js:1:46860)
    at ol (https://static.licdn.com/aero-v1/sc/h/assets/BDqwEdCl.js:1:91484)
    at su (https://static.licdn.com/aero-v1/sc/h/assets/BDqwEdCl.js:1:128138)
    at https://static.licdn.com/aero-v1/sc/h/assets/BDqwEdCl.js:1:124244
    at https://static.licdn.com/aero-v1/sc/h/assets/BDqwEdCl.js:1:124252
    at i8 (https://static.licdn.com/aero-v1/sc/h/assets/BDqwEdCl.js:1:124349)
    at sM (https://static.licdn.com/aero-v1/sc/h/assets/BDqwEdCl.js:1:144940)
    at MessagePort._ (https://static.licdn.com/aero-v1/sc/h/assets/BDqwEdCl.js:1:14415)
[  153342ms] [WARNING] BooleanExpression with operator "numericGreaterThan" had an expression that evaluated to null on one side. @ https://static.licdn.com/aero-v1/sc/h/assets/CCSbo0WZ.js:0
[  153350ms] [WARNING] BooleanExpression with operator "numericGreaterThan" had an expression that evaluated to null on one side. @ https://static.licdn.com/aero-v1/sc/h/assets/CCSbo0WZ.js:0
[  153521ms] [WARNING] Attribute 'exception.tags' of type 'object' could not be converted to a proto attribute. @ https://static.licdn.com/aero-v1/sc/h/assets/DkGhPu3D.js:0
[  153726ms] [WARNING] VIDEOJS: WARN: Using the tech directly can be dangerous. I hope you know what you're doing.
See https://github.com/videojs/video.js/issues/2617 for more info.
 @ https://static.licdn.com/aero-v1/sc/h/assets/F11QV7RO.js:0
[  154822ms] [LOG] visitor.publishDestinations() result: Attempted to attach and load the destination publishing iframe through this API call. Result: The destination publishing iframe was attached and loaded successfully. @ https://platform.linkedin.com/litms/utag/voyager-web-feed/utag.js?cb=1779147000000:7
[  154845ms] [WARNING] BooleanExpression with operator "numericEquals" had an expression that evaluated to null on one side. @ https://static.licdn.com/aero-v1/sc/h/assets/CCSbo0WZ.js:0
[  154845ms] [WARNING] BooleanExpression with operator "and" had an expression that evaluated to null on one side. @ https://static.licdn.com/aero-v1/sc/h/assets/CCSbo0WZ.js:0
[  154845ms] [WARNING] BooleanExpression with operator "and" had an expression that evaluated to null on one side. @ https://static.licdn.com/aero-v1/sc/h/assets/CCSbo0WZ.js:0
[  154845ms] [WARNING] BooleanExpression with operator "numericEquals" had an expression that evaluated to null on one side. @ https://static.licdn.com/aero-v1/sc/h/assets/CCSbo0WZ.js:0
[  154845ms] [WARNING] BooleanExpression with operator "and" had an expression that evaluated to null on one side. @ https://static.licdn.com/aero-v1/sc/h/assets/CCSbo0WZ.js:0
[  154846ms] [WARNING] BooleanExpression with operator "and" had an expression that evaluated to null on one side. @ https://static.licdn.com/aero-v1/sc/h/assets/CCSbo0WZ.js:0
[  154846ms] [WARNING] BooleanExpression with operator "numericEquals" had an expression that evaluated to null on one side. @ https://static.licdn.com/aero-v1/sc/h/assets/CCSbo0WZ.js:0
[  154846ms] [WARNING] BooleanExpression with operator "and" had an expression that evaluated to null on one side. @ https://static.licdn.com/aero-v1/sc/h/assets/CCSbo0WZ.js:0
[  154846ms] [WARNING] BooleanExpression with operator "and" had an expression that evaluated to null on one side. @ https://static.licdn.com/aero-v1/sc/h/assets/CCSbo0WZ.js:0
[  154846ms] [WARNING] BooleanExpression with operator "numericEquals" had an expression that evaluated to null on one side. @ https://static.licdn.com/aero-v1/sc/h/assets/CCSbo0WZ.js:0
[  154846ms] [WARNING] BooleanExpression with operator "and" had an expression that evaluated to null on one side. @ https://static.licdn.com/aero-v1/sc/h/assets/CCSbo0WZ.js:0
[  154846ms] [WARNING] BooleanExpression with operator "and" had an expression that evaluated to null on one side. @ https://static.licdn.com/aero-v1/sc/h/assets/CCSbo0WZ.js:0
[  154846ms] [WARNING] BooleanExpression with operator "numericEquals" had an expression that evaluated to null on one side. @ https://static.licdn.com/aero-v1/sc/h/assets/CCSbo0WZ.js:0
[  154846ms] [WARNING] BooleanExpression with operator "and" had an expression that evaluated to null on one side. @ https://static.licdn.com/aero-v1/sc/h/assets/CCSbo0WZ.js:0
[  154846ms] [WARNING] BooleanExpression with operator "and" had an expression that evaluated to null on one side. @ https://static.licdn.com/aero-v1/sc/h/assets/CCSbo0WZ.js:0
[  154849ms] [WARNING] BooleanExpression with operator "numericEquals" had an expression that evaluated to null on one side. @ https://static.licdn.com/aero-v1/sc/h/assets/CCSbo0WZ.js:0
[  154849ms] [WARNING] BooleanExpression with operator "and" had an expression that evaluated to null on one side. @ https://static.licdn.com/aero-v1/sc/h/assets/CCSbo0WZ.js:0
[  154849ms] [WARNING] BooleanExpression with operator "and" had an expression that evaluated to null on one side. @ https://static.licdn.com/aero-v1/sc/h/assets/CCSbo0WZ.js:0
[  154850ms] [WARNING] BooleanExpression with operator "numericEquals" had an expression that evaluated to null on one side. @ https://static.licdn.com/aero-v1/sc/h/assets/CCSbo0WZ.js:0
[  154850ms] [WARNING] BooleanExpression with operator "and" had an expression that evaluated to null on one side. @ https://static.licdn.com/aero-v1/sc/h/assets/CCSbo0WZ.js:0
[  154850ms] [WARNING] BooleanExpression with operator "and" had an expression that evaluated to null on one side. @ https://static.licdn.com/aero-v1/sc/h/assets/CCSbo0WZ.js:0
[  154850ms] [WARNING] BooleanExpression with operator "numericEquals" had an expression that evaluated to null on one side. @ https://static.licdn.com/aero-v1/sc/h/assets/CCSbo0WZ.js:0
[  154851ms] [WARNING] BooleanExpression with operator "and" had an expression that evaluated to null on one side. @ https://static.licdn.com/aero-v1/sc/h/assets/CCSbo0WZ.js:0
[  154851ms] [WARNING] BooleanExpression with operator "and" had an expression that evaluated to null on one side. @ https://static.licdn.com/aero-v1/sc/h/assets/CCSbo0WZ.js:0
[  154851ms] [WARNING] BooleanExpression with operator "numericEquals" had an expression that evaluated to null on one side. @ https://static.licdn.com/aero-v1/sc/h/assets/CCSbo0WZ.js:0
[  154851ms] [WARNING] BooleanExpression with operator "and" had an expression that evaluated to null on one side. @ https://static.licdn.com/aero-v1/sc/h/assets/CCSbo0WZ.js:0
[  154851ms] [WARNING] BooleanExpression with operator "and" had an expression that evaluated to null on one side. @ https://static.licdn.com/aero-v1/sc/h/assets/CCSbo0WZ.js:0
[  154851ms] [WARNING] BooleanExpression with operator "numericEquals" had an expression that evaluated to null on one side. @ https://static.licdn.com/aero-v1/sc/h/assets/CCSbo0WZ.js:0
[  154851ms] [WARNING] BooleanExpression with operator "and" had an expression that evaluated to null on one side. @ https://static.licdn.com/aero-v1/sc/h/assets/CCSbo0WZ.js:0
[  154851ms] [WARNING] BooleanExpression with operator "and" had an expression that evaluated to null on one side. @ https://static.licdn.com/aero-v1/sc/h/assets/CCSbo0WZ.js:0
[  154859ms] [WARNING] BooleanExpression with operator "numericGreaterThan" had an expression that evaluated to null on one side. @ https://static.licdn.com/aero-v1/sc/h/assets/CCSbo0WZ.js:0
[  154859ms] [WARNING] BooleanExpression with operator "numericGreaterThan" had an expression that evaluated to null on one side. @ https://static.licdn.com/aero-v1/sc/h/assets/CCSbo0WZ.js:0
[  155075ms] [WARNING] BooleanExpression with operator "numericGreaterThan" had an expression that evaluated to null on one side. @ https://static.licdn.com/aero-v1/sc/h/assets/CCSbo0WZ.js:0
[  155075ms] [WARNING] BooleanExpression with operator "numericGreaterThan" had an expression that evaluated to null on one side. @ https://static.licdn.com/aero-v1/sc/h/assets/CCSbo0WZ.js:0
[  155077ms] [WARNING] BooleanExpression with operator "numericGreaterThan" had an expression that evaluated to null on one side. @ https://static.licdn.com/aero-v1/sc/h/assets/CCSbo0WZ.js:0
[  155077ms] [WARNING] BooleanExpression with operator "numericGreaterThan" had an expression that evaluated to null on one side. @ https://static.licdn.com/aero-v1/sc/h/assets/CCSbo0WZ.js:0
[  155120ms] [WARNING] BooleanExpression with operator "numericGreaterThan" had an expression that evaluated to null on one side. @ https://static.licdn.com/aero-v1/sc/h/assets/CCSbo0WZ.js:0
[  155120ms] [WARNING] BooleanExpression with operator "numericGreaterThan" had an expression that evaluated to null on one side. @ https://static.licdn.com/aero-v1/sc/h/assets/CCSbo0WZ.js:0
[  155143ms] [WARNING] BooleanExpression with operator "numericGreaterThan" had an expression that evaluated to null on one side. @ https://static.licdn.com/aero-v1/sc/h/assets/CCSbo0WZ.js:0
[  155143ms] [WARNING] BooleanExpression with operator "numericGreaterThan" had an expression that evaluated to null on one side. @ https://static.licdn.com/aero-v1/sc/h/assets/CCSbo0WZ.js:0
[  155214ms] [WARNING] BooleanExpression with operator "numericGreaterThan" had an expression that evaluated to null on one side. @ https://static.licdn.com/aero-v1/sc/h/assets/CCSbo0WZ.js:0
[  155214ms] [WARNING] BooleanExpression with operator "numericGreaterThan" had an expression that evaluated to null on one side. @ https://static.licdn.com/aero-v1/sc/h/assets/CCSbo0WZ.js:0
[  155278ms] [WARNING] BooleanExpression with operator "numericGreaterThan" had an expression that evaluated to null on one side. @ https://static.licdn.com/aero-v1/sc/h/assets/CCSbo0WZ.js:0
[  155278ms] [WARNING] BooleanExpression with operator "numericGreaterThan" had an expression that evaluated to null on one side. @ https://static.licdn.com/aero-v1/sc/h/assets/CCSbo0WZ.js:0
[  155320ms] [WARNING] BooleanExpression with operator "numericGreaterThan" had an expression that evaluated to null on one side. @ https://static.licdn.com/aero-v1/sc/h/assets/CCSbo0WZ.js:0
[  155320ms] [WARNING] BooleanExpression with operator "numericGreaterThan" had an expression that evaluated to null on one side. @ https://static.licdn.com/aero-v1/sc/h/assets/CCSbo0WZ.js:0
[  155370ms] [WARNING] BooleanExpression with operator "numericGreaterThan" had an expression that evaluated to null on one side. @ https://static.licdn.com/aero-v1/sc/h/assets/CCSbo0WZ.js:0
[  155370ms] [WARNING] BooleanExpression with operator "numericGreaterThan" had an expression that evaluated to null on one side. @ https://static.licdn.com/aero-v1/sc/h/assets/CCSbo0WZ.js:0
[  155407ms] [WARNING] BooleanExpression with operator "numericGreaterThan" had an expression that evaluated to null on one side. @ https://static.licdn.com/aero-v1/sc/h/assets/CCSbo0WZ.js:0
[  155407ms] [WARNING] BooleanExpression with operator "numericGreaterThan" had an expression that evaluated to null on one side. @ https://static.licdn.com/aero-v1/sc/h/assets/CCSbo0WZ.js:0
[  155548ms] [WARNING] BooleanExpression with operator "numericEquals" had an expression that evaluated to null on one side. @ https://static.licdn.com/aero-v1/sc/h/assets/CCSbo0WZ.js:0
[  155549ms] [WARNING] BooleanExpression with operator "and" had an expression that evaluated to null on one side. @ https://static.licdn.com/aero-v1/sc/h/assets/CCSbo0WZ.js:0
[  155550ms] [WARNING] BooleanExpression with operator "and" had an expression that evaluated to null on one side. @ https://static.licdn.com/aero-v1/sc/h/assets/CCSbo0WZ.js:0
[  155550ms] [WARNING] BooleanExpression with operator "numericEquals" had an expression that evaluated to null on one side. @ https://static.licdn.com/aero-v1/sc/h/assets/CCSbo0WZ.js:0
[  155550ms] [WARNING] BooleanExpression with operator "and" had an expression that evaluated to null on one side. @ https://static.licdn.com/aero-v1/sc/h/assets/CCSbo0WZ.js:0
[  155551ms] [WARNING] BooleanExpression with operator "and" had an expression that evaluated to null on one side. @ https://static.licdn.com/aero-v1/sc/h/assets/CCSbo0WZ.js:0
[  155551ms] [WARNING] BooleanExpression with operator "numericEquals" had an expression that evaluated to null on one side. @ https://static.licdn.com/aero-v1/sc/h/assets/CCSbo0WZ.js:0
[  155552ms] [WARNING] BooleanExpression with operator "and" had an expression that evaluated to null on one side. @ https://static.licdn.com/aero-v1/sc/h/assets/CCSbo0WZ.js:0
[  155552ms] [WARNING] BooleanExpression with operator "and" had an expression that evaluated to null on one side. @ https://static.licdn.com/aero-v1/sc/h/assets/CCSbo0WZ.js:0
[  155553ms] [WARNING] BooleanExpression with operator "numericEquals" had an expression that evaluated to null on one side. @ https://static.licdn.com/aero-v1/sc/h/assets/CCSbo0WZ.js:0
[  155554ms] [WARNING] BooleanExpression with operator "and" had an expression that evaluated to null on one side. @ https://static.licdn.com/aero-v1/sc/h/assets/CCSbo0WZ.js:0
[  155554ms] [WARNING] BooleanExpression with operator "and" had an expression that evaluated to null on one side. @ https://static.licdn.com/aero-v1/sc/h/assets/CCSbo0WZ.js:0
[  155555ms] [WARNING] BooleanExpression with operator "numericEquals" had an expression that evaluated to null on one side. @ https://static.licdn.com/aero-v1/sc/h/assets/CCSbo0WZ.js:0
[  155555ms] [WARNING] BooleanExpression with operator "and" had an expression that evaluated to null on one side. @ https://static.licdn.com/aero-v1/sc/h/assets/CCSbo0WZ.js:0
[  155555ms] [WARNING] BooleanExpression with operator "and" had an expression that evaluated to null on one side. @ https://static.licdn.com/aero-v1/sc/h/assets/CCSbo0WZ.js:0
[  155558ms] [WARNING] BooleanExpression with operator "numericEquals" had an expression that evaluated to null on one side. @ https://static.licdn.com/aero-v1/sc/h/assets/CCSbo0WZ.js:0
[  155559ms] [WARNING] BooleanExpression with operator "and" had an expression that evaluated to null on one side. @ https://static.licdn.com/aero-v1/sc/h/assets/CCSbo0WZ.js:0
[  155559ms] [WARNING] BooleanExpression with operator "and" had an expression that evaluated to null on one side. @ https://static.licdn.com/aero-v1/sc/h/assets/CCSbo0WZ.js:0
[  155560ms] [WARNING] BooleanExpression with operator "numericEquals" had an expression that evaluated to null on one side. @ https://static.licdn.com/aero-v1/sc/h/assets/CCSbo0WZ.js:0
[  155560ms] [WARNING] BooleanExpression with operator "and" had an expression that evaluated to null on one side. @ https://static.licdn.com/aero-v1/sc/h/assets/CCSbo0WZ.js:0
[  155560ms] [WARNING] BooleanExpression with operator "and" had an expression that evaluated to null on one side. @ https://static.licdn.com/aero-v1/sc/h/assets/CCSbo0WZ.js:0
[  155561ms] [WARNING] BooleanExpression with operator "numericEquals" had an expression that evaluated to null on one side. @ https://static.licdn.com/aero-v1/sc/h/assets/CCSbo0WZ.js:0
[  155561ms] [WARNING] BooleanExpression with operator "and" had an expression that evaluated to null on one side. @ https://static.licdn.com/aero-v1/sc/h/assets/CCSbo0WZ.js:0
[  155561ms] [WARNING] BooleanExpression with operator "and" had an expression that evaluated to null on one side. @ https://static.licdn.com/aero-v1/sc/h/assets/CCSbo0WZ.js:0
[  155562ms] [WARNING] BooleanExpression with operator "numericEquals" had an expression that evaluated to null on one side. @ https://static.licdn.com/aero-v1/sc/h/assets/CCSbo0WZ.js:0
[  155562ms] [WARNING] BooleanExpression with operator "and" had an expression that evaluated to null on one side. @ https://static.licdn.com/aero-v1/sc/h/assets/CCSbo0WZ.js:0
[  155562ms] [WARNING] BooleanExpression with operator "and" had an expression that evaluated to null on one side. @ https://static.licdn.com/aero-v1/sc/h/assets/CCSbo0WZ.js:0
[  155563ms] [WARNING] BooleanExpression with operator "numericEquals" had an expression that evaluated to null on one side. @ https://static.licdn.com/aero-v1/sc/h/assets/CCSbo0WZ.js:0
[  155563ms] [WARNING] BooleanExpression with operator "and" had an expression that evaluated to null on one side. @ https://static.licdn.com/aero-v1/sc/h/assets/CCSbo0WZ.js:0
[  155563ms] [WARNING] BooleanExpression with operator "and" had an expression that evaluated to null on one side. @ https://static.licdn.com/aero-v1/sc/h/assets/CCSbo0WZ.js:0
[  156050ms] [WARNING] Attribute 'exception.tags' of type 'object' could not be converted to a proto attribute. @ https://static.licdn.com/aero-v1/sc/h/assets/DkGhPu3D.js:0
[  156050ms] [WARNING] Attribute 'exception.tags' of type 'object' could not be converted to a proto attribute. @ https://static.licdn.com/aero-v1/sc/h/assets/DkGhPu3D.js:0
[  156052ms] [WARNING] Attribute 'exception.tags' of type 'object' could not be converted to a proto attribute. @ https://static.licdn.com/aero-v1/sc/h/assets/DkGhPu3D.js:0
[  156052ms] [WARNING] Attribute 'exception.tags' of type 'object' could not be converted to a proto attribute. @ https://static.licdn.com/aero-v1/sc/h/assets/DkGhPu3D.js:0
[  156194ms] [WARNING] Attribute 'exception.tags' of type 'object' could not be converted to a proto attribute. @ https://static.licdn.com/aero-v1/sc/h/assets/DkGhPu3D.js:0
[  156343ms] [LOG] %c EvalError
    at oM (https://client.protechts.net/PXdOjV695v/main.min.js:2:68828)
    at qO (https://client.protechts.net/PXdOjV695v/main.min.js:2:74656)
    at Ke (https://client.protechts.net/PXdOjV695v/main.min.js:2:227887)
    at Kc (https://client.protechts.net/PXdOjV695v/main.min.js:2:227513)
    at https://client.protechts.net/PXdOjV695v/main.min.js:2:229235
    at https://client.protechts.net/PXdOjV695v/main.min.js:2:229241
    at https://client.protechts.net/PXdOjV695v/main.min.js:2:229706 @ https://client.protechts.net/PXdOjV695v/main.min.js:1
[  156372ms] [LOG] %c EvalError
    at oM (https://client.protechts.net/PXdOjV695v/main.min.js:2:68828)
    at qO (https://client.protechts.net/PXdOjV695v/main.min.js:2:74656)
    at Ke (https://client.protechts.net/PXdOjV695v/main.min.js:2:227887)
    at Kc (https://client.protechts.net/PXdOjV695v/main.min.js:2:227513)
    at https://client.protechts.net/PXdOjV695v/main.min.js:2:229235
    at https://client.protechts.net/PXdOjV695v/main.min.js:2:229241
    at https://client.protechts.net/PXdOjV695v/main.min.js:2:229706 @ https://client.protechts.net/PXdOjV695v/main.min.js:1
[  157822ms] [WARNING] Attribute 'exception.tags' of type 'object' could not be converted to a proto attribute. @ https://static.licdn.com/aero-v1/sc/h/assets/DkGhPu3D.js:0
[  158443ms] [WARNING] BooleanExpression with operator "numericGreaterThan" had an expression that evaluated to null on one side. @ https://static.licdn.com/aero-v1/sc/h/assets/CCSbo0WZ.js:0
[  158444ms] [WARNING] BooleanExpression with operator "numericGreaterThan" had an expression that evaluated to null on one side. @ https://static.licdn.com/aero-v1/sc/h/assets/CCSbo0WZ.js:0
[  158466ms] [WARNING] BooleanExpression with operator "numericGreaterThan" had an expression that evaluated to null on one side. @ https://static.licdn.com/aero-v1/sc/h/assets/CCSbo0WZ.js:0
[  158466ms] [WARNING] BooleanExpression with operator "numericGreaterThan" had an expression that evaluated to null on one side. @ https://static.licdn.com/aero-v1/sc/h/assets/CCSbo0WZ.js:0
[  158485ms] [WARNING] BooleanExpression with operator "numericGreaterThan" had an expression that evaluated to null on one side. @ https://static.licdn.com/aero-v1/sc/h/assets/CCSbo0WZ.js:0
[  158485ms] [WARNING] BooleanExpression with operator "numericGreaterThan" had an expression that evaluated to null on one side. @ https://static.licdn.com/aero-v1/sc/h/assets/CCSbo0WZ.js:0
[  158504ms] [WARNING] BooleanExpression with operator "numericGreaterThan" had an expression that evaluated to null on one side. @ https://static.licdn.com/aero-v1/sc/h/assets/CCSbo0WZ.js:0
[  158504ms] [WARNING] BooleanExpression with operator "numericGreaterThan" had an expression that evaluated to null on one side. @ https://static.licdn.com/aero-v1/sc/h/assets/CCSbo0WZ.js:0
[  158521ms] [WARNING] BooleanExpression with operator "numericGreaterThan" had an expression that evaluated to null on one side. @ https://static.licdn.com/aero-v1/sc/h/assets/CCSbo0WZ.js:0
[  158522ms] [WARNING] BooleanExpression with operator "numericGreaterThan" had an expression that evaluated to null on one side. @ https://static.licdn.com/aero-v1/sc/h/assets/CCSbo0WZ.js:0
[  158582ms] [WARNING] BooleanExpression with operator "numericGreaterThan" had an expression that evaluated to null on one side. @ https://static.licdn.com/aero-v1/sc/h/assets/CCSbo0WZ.js:0
[  158583ms] [WARNING] BooleanExpression with operator "numericGreaterThan" had an expression that evaluated to null on one side. @ https://static.licdn.com/aero-v1/sc/h/assets/CCSbo0WZ.js:0
[  158600ms] [WARNING] BooleanExpression with operator "numericGreaterThan" had an expression that evaluated to null on one side. @ https://static.licdn.com/aero-v1/sc/h/assets/CCSbo0WZ.js:0
[  158600ms] [WARNING] BooleanExpression with operator "numericGreaterThan" had an expression that evaluated to null on one side. @ https://static.licdn.com/aero-v1/sc/h/assets/CCSbo0WZ.js:0
[  158618ms] [WARNING] BooleanExpression with operator "numericGreaterThan" had an expression that evaluated to null on one side. @ https://static.licdn.com/aero-v1/sc/h/assets/CCSbo0WZ.js:0
[  158618ms] [WARNING] BooleanExpression with operator "numericGreaterThan" had an expression that evaluated to null on one side. @ https://static.licdn.com/aero-v1/sc/h/assets/CCSbo0WZ.js:0
[  158818ms] [WARNING] BooleanExpression with operator "numericGreaterThan" had an expression that evaluated to null on one side. @ https://static.licdn.com/aero-v1/sc/h/assets/CCSbo0WZ.js:0
[  158819ms] [WARNING] BooleanExpression with operator "numericGreaterThan" had an expression that evaluated to null on one side. @ https://static.licdn.com/aero-v1/sc/h/assets/CCSbo0WZ.js:0
[  158838ms] [WARNING] BooleanExpression with operator "numericGreaterThan" had an expression that evaluated to null on one side. @ https://static.licdn.com/aero-v1/sc/h/assets/CCSbo0WZ.js:0
[  158839ms] [WARNING] BooleanExpression with operator "numericGreaterThan" had an expression that evaluated to null on one side. @ https://static.licdn.com/aero-v1/sc/h/assets/CCSbo0WZ.js:0
[  158855ms] [WARNING] BooleanExpression with operator "numericGreaterThan" had an expression that evaluated to null on one side. @ https://static.licdn.com/aero-v1/sc/h/assets/CCSbo0WZ.js:0
[  158856ms] [WARNING] BooleanExpression with operator "numericGreaterThan" had an expression that evaluated to null on one side. @ https://static.licdn.com/aero-v1/sc/h/assets/CCSbo0WZ.js:0
[  158886ms] [WARNING] BooleanExpression with operator "numericGreaterThan" had an expression that evaluated to null on one side. @ https://static.licdn.com/aero-v1/sc/h/assets/CCSbo0WZ.js:0
[  158886ms] [WARNING] BooleanExpression with operator "numericGreaterThan" had an expression that evaluated to null on one side. @ https://static.licdn.com/aero-v1/sc/h/assets/CCSbo0WZ.js:0
[  158902ms] [WARNING] BooleanExpression with operator "numericGreaterThan" had an expression that evaluated to null on one side. @ https://static.licdn.com/aero-v1/sc/h/assets/CCSbo0WZ.js:0
[  158902ms] [WARNING] BooleanExpression with operator "numericGreaterThan" had an expression that evaluated to null on one side. @ https://static.licdn.com/aero-v1/sc/h/assets/CCSbo0WZ.js:0
[  158930ms] [WARNING] BooleanExpression with operator "numericGreaterThan" had an expression that evaluated to null on one side. @ https://static.licdn.com/aero-v1/sc/h/assets/CCSbo0WZ.js:0
[  158930ms] [WARNING] BooleanExpression with operator "numericGreaterThan" had an expression that evaluated to null on one side. @ https://static.licdn.com/aero-v1/sc/h/assets/CCSbo0WZ.js:0
[  158944ms] [WARNING] BooleanExpression with operator "numericGreaterThan" had an expression that evaluated to null on one side. @ https://static.licdn.com/aero-v1/sc/h/assets/CCSbo0WZ.js:0
[  158944ms] [WARNING] BooleanExpression with operator "numericGreaterThan" had an expression that evaluated to null on one side. @ https://static.licdn.com/aero-v1/sc/h/assets/CCSbo0WZ.js:0
[  158959ms] [WARNING] BooleanExpression with operator "numericGreaterThan" had an expression that evaluated to null on one side. @ https://static.licdn.com/aero-v1/sc/h/assets/CCSbo0WZ.js:0
[  158960ms] [WARNING] BooleanExpression with operator "numericGreaterThan" had an expression that evaluated to null on one side. @ https://static.licdn.com/aero-v1/sc/h/assets/CCSbo0WZ.js:0
[  159996ms] [WARNING] BooleanExpression with operator "numericGreaterThan" had an expression that evaluated to null on one side. @ https://static.licdn.com/aero-v1/sc/h/assets/CCSbo0WZ.js:0
[  159996ms] [WARNING] BooleanExpression with operator "numericGreaterThan" had an expression that evaluated to null on one side. @ https://static.licdn.com/aero-v1/sc/h/assets/CCSbo0WZ.js:0
[  160019ms] [WARNING] BooleanExpression with operator "numericGreaterThan" had an expression that evaluated to null on one side. @ https://static.licdn.com/aero-v1/sc/h/assets/CCSbo0WZ.js:0
[  160020ms] [WARNING] BooleanExpression with operator "numericGreaterThan" had an expression that evaluated to null on one side. @ https://static.licdn.com/aero-v1/sc/h/assets/CCSbo0WZ.js:0
[  160057ms] [WARNING] BooleanExpression with operator "numericGreaterThan" had an expression that evaluated to null on one side. @ https://static.licdn.com/aero-v1/sc/h/assets/CCSbo0WZ.js:0
[  160058ms] [WARNING] BooleanExpression with operator "numericGreaterThan" had an expression that evaluated to null on one side. @ https://static.licdn.com/aero-v1/sc/h/assets/CCSbo0WZ.js:0
[  160074ms] [WARNING] BooleanExpression with operator "numericGreaterThan" had an expression that evaluated to null on one side. @ https://static.licdn.com/aero-v1/sc/h/assets/CCSbo0WZ.js:0
[  160074ms] [WARNING] BooleanExpression with operator "numericGreaterThan" had an expression that evaluated to null on one side. @ https://static.licdn.com/aero-v1/sc/h/assets/CCSbo0WZ.js:0
[  160090ms] [WARNING] BooleanExpression with operator "numericGreaterThan" had an expression that evaluated to null on one side. @ https://static.licdn.com/aero-v1/sc/h/assets/CCSbo0WZ.js:0
[  160090ms] [WARNING] BooleanExpression with operator "numericGreaterThan" had an expression that evaluated to null on one side. @ https://static.licdn.com/aero-v1/sc/h/assets/CCSbo0WZ.js:0
[  160119ms] [WARNING] BooleanExpression with operator "numericGreaterThan" had an expression that evaluated to null on one side. @ https://static.licdn.com/aero-v1/sc/h/assets/CCSbo0WZ.js:0
[  160119ms] [WARNING] BooleanExpression with operator "numericGreaterThan" had an expression that evaluated to null on one side. @ https://static.licdn.com/aero-v1/sc/h/assets/CCSbo0WZ.js:0
[  160133ms] [WARNING] BooleanExpression with operator "numericGreaterThan" had an expression that evaluated to null on one side. @ https://static.licdn.com/aero-v1/sc/h/assets/CCSbo0WZ.js:0
[  160134ms] [WARNING] BooleanExpression with operator "numericGreaterThan" had an expression that evaluated to null on one side. @ https://static.licdn.com/aero-v1/sc/h/assets/CCSbo0WZ.js:0
[  160150ms] [WARNING] BooleanExpression with operator "numericGreaterThan" had an expression that evaluated to null on one side. @ https://static.licdn.com/aero-v1/sc/h/assets/CCSbo0WZ.js:0
[  160150ms] [WARNING] BooleanExpression with operator "numericGreaterThan" had an expression that evaluated to null on one side. @ https://static.licdn.com/aero-v1/sc/h/assets/CCSbo0WZ.js:0
[  160224ms] [WARNING] Attribute 'exception.tags' of type 'object' could not be converted to a proto attribute. @ https://static.licdn.com/aero-v1/sc/h/assets/DkGhPu3D.js:0
[  161409ms] [WARNING] Attribute 'exception.tags' of type 'object' could not be converted to a proto attribute. @ https://static.licdn.com/aero-v1/sc/h/assets/DkGhPu3D.js:0
[  161410ms] [WARNING] Attribute 'exception.tags' of type 'object' could not be converted to a proto attribute. @ https://static.licdn.com/aero-v1/sc/h/assets/DkGhPu3D.js:0
[  161410ms] [WARNING] Attribute 'exception.tags' of type 'object' could not be converted to a proto attribute. @ https://static.licdn.com/aero-v1/sc/h/assets/DkGhPu3D.js:0
[  165129ms] [ERROR] Failed to load resource: net::ERR_FAILED @ chrome-extension://invalid/:0
[  165247ms] [ERROR] Failed to load resource: net::ERR_FAILED @ chrome-extension://invalid/:0
[  165362ms] [ERROR] Failed to load resource: net::ERR_FAILED @ chrome-extension://invalid/:0
[  165472ms] [ERROR] Failed to load resource: net::ERR_FAILED @ chrome-extension://invalid/:0
[  165578ms] [ERROR] Failed to load resource: net::ERR_FAILED @ chrome-extension://invalid/:0
[  165689ms] [ERROR] Failed to load resource: net::ERR_FAILED @ chrome-extension://invalid/:0
[  165794ms] [ERROR] Failed to load resource: net::ERR_FAILED @ chrome-extension://invalid/:0
[  165964ms] [ERROR] Failed to load resource: net::ERR_FAILED @ chrome-extension://invalid/:0
[  166069ms] [ERROR] Failed to load resource: net::ERR_FAILED @ chrome-extension://invalid/:0
[  166187ms] [ERROR] Failed to load resource: net::ERR_FAILED @ chrome-extension://invalid/:0
[  166293ms] [ERROR] Failed to load resource: net::ERR_FAILED @ chrome-extension://invalid/:0
[  166399ms] [ERROR] Failed to load resource: net::ERR_FAILED @ chrome-extension://invalid/:0
[  166509ms] [ERROR] Failed to load resource: net::ERR_FAILED @ chrome-extension://invalid/:0
[  166660ms] [ERROR] Failed to load resource: net::ERR_FAILED @ chrome-extension://invalid/:0
[  166768ms] [ERROR] Failed to load resource: net::ERR_FAILED @ chrome-extension://invalid/:0
[  166878ms] [ERROR] Failed to load resource: net::ERR_FAILED @ chrome-extension://invalid/:0
[  167259ms] [ERROR] Failed to load resource: net::ERR_FAILED @ chrome-extension://invalid/:0
[  167366ms] [ERROR] Failed to load resource: net::ERR_FAILED @ chrome-extension://invalid/:0
[  167711ms] [ERROR] Failed to load resource: net::ERR_FAILED @ chrome-extension://invalid/:0
[  172831ms] [ERROR] Failed to load resource: net::ERR_FAILED @ chrome-extension://invalid/:0
[  173360ms] [ERROR] Failed to load resource: net::ERR_FAILED @ chrome-extension://invalid/:0
[  173464ms] [ERROR] Failed to load resource: net::ERR_FAILED @ chrome-extension://invalid/:0
[  173574ms] [ERROR] Failed to load resource: net::ERR_FAILED @ chrome-extension://invalid/:0
[  173695ms] [ERROR] Failed to load resource: net::ERR_FAILED @ chrome-extension://invalid/:0
[  173812ms] [ERROR] Failed to load resource: net::ERR_FAILED @ chrome-extension://invalid/:0
[  173920ms] [ERROR] Failed to load resource: net::ERR_FAILED @ chrome-extension://invalid/:0
[  177730ms] [ERROR] Failed to load resource: net::ERR_FAILED @ chrome-extension://invalid/:0
[  177846ms] [ERROR] Failed to load resource: net::ERR_FAILED @ chrome-extension://invalid/:0
[  177951ms] [ERROR] Failed to load resource: net::ERR_FAILED @ chrome-extension://invalid/:0
[  178077ms] [ERROR] Failed to load resource: net::ERR_FAILED @ chrome-extension://invalid/:0
[  198159ms] [ERROR] Failed to load resource: net::ERR_FAILED @ chrome-extension://invalid/:0
[  212740ms] [ERROR] Failed to load resource: net::ERR_CONNECTION_TIMED_OUT @ https://ads.stickyadstv.com/user-matching?id=3661&_t=1779147274084:0
[  212887ms] [ERROR] Failed to load resource: net::ERR_FAILED @ chrome-extension://invalid/:0
[  213086ms] [ERROR] Failed to load resource: net::ERR_FAILED @ chrome-extension://invalid/:0
[  213205ms] [ERROR] Failed to load resource: net::ERR_FAILED @ chrome-extension://invalid/:0
[  215114ms] [ERROR] Failed to load resource: net::ERR_FAILED @ chrome-extension://invalid/:0
[  215225ms] [ERROR] Failed to load resource: net::ERR_FAILED @ chrome-extension://invalid/:0
[  215332ms] [ERROR] Failed to load resource: net::ERR_FAILED @ chrome-extension://invalid/:0
[  215443ms] [ERROR] Failed to load resource: net::ERR_FAILED @ chrome-extension://invalid/:0
[  215552ms] [ERROR] Failed to load resource: net::ERR_FAILED @ chrome-extension://invalid/:0
[  215660ms] [ERROR] Failed to load resource: net::ERR_FAILED @ chrome-extension://invalid/:0
[  215768ms] [ERROR] Failed to load resource: net::ERR_FAILED @ chrome-extension://invalid/:0
[  215909ms] [ERROR] Failed to load resource: net::ERR_FAILED @ chrome-extension://invalid/:0
[  216936ms] [ERROR] Failed to load resource: net::ERR_FAILED @ chrome-extension://invalid/:0
[  217043ms] [ERROR] Failed to load resource: net::ERR_FAILED @ chrome-extension://invalid/:0
[  219206ms] [ERROR] Failed to load resource: net::ERR_FAILED @ chrome-extension://invalid/:0
[  219311ms] [ERROR] Failed to load resource: net::ERR_FAILED @ chrome-extension://invalid/:0
[  219422ms] [ERROR] Failed to load resource: net::ERR_FAILED @ chrome-extension://invalid/:0
[  219526ms] [ERROR] Failed to load resource: net::ERR_FAILED @ chrome-extension://invalid/:0
[  219642ms] [ERROR] Failed to load resource: net::ERR_FAILED @ chrome-extension://invalid/:0
[  219751ms] [ERROR] Failed to load resource: net::ERR_FAILED @ chrome-extension://invalid/:0
[  219870ms] [ERROR] Failed to load resource: net::ERR_FAILED @ chrome-extension://invalid/:0
[  221256ms] [ERROR] Failed to load resource: net::ERR_FAILED @ chrome-extension://invalid/:0
[  221360ms] [ERROR] Failed to load resource: net::ERR_FAILED @ chrome-extension://invalid/:0
[  221475ms] [ERROR] Failed to load resource: net::ERR_FAILED @ chrome-extension://invalid/:0
[  221585ms] [ERROR] Failed to load resource: net::ERR_FAILED @ chrome-extension://invalid/:0
[  223381ms] [ERROR] Failed to load resource: net::ERR_FAILED @ chrome-extension://invalid/:0
[  223485ms] [ERROR] Failed to load resource: net::ERR_FAILED @ chrome-extension://invalid/:0
[  223594ms] [ERROR] Failed to load resource: net::ERR_FAILED @ chrome-extension://invalid/:0
[  227828ms] [ERROR] Failed to load resource: net::ERR_FAILED @ chrome-extension://invalid/:0
[  227934ms] [ERROR] Failed to load resource: net::ERR_FAILED @ chrome-extension://invalid/:0
[  228043ms] [ERROR] Failed to load resource: net::ERR_FAILED @ chrome-extension://invalid/:0
[  228157ms] [ERROR] Failed to load resource: net::ERR_FAILED @ chrome-extension://invalid/:0
[  228259ms] [ERROR] Failed to load resource: net::ERR_FAILED @ chrome-extension://invalid/:0
[  228818ms] [ERROR] Failed to load resource: net::ERR_FAILED @ chrome-extension://invalid/:0
[  228921ms] [ERROR] Failed to load resource: net::ERR_FAILED @ chrome-extension://invalid/:0
[  229034ms] [ERROR] Failed to load resource: net::ERR_FAILED @ chrome-extension://invalid/:0
[  229147ms] [ERROR] Failed to load resource: net::ERR_FAILED @ chrome-extension://invalid/:0
[  229423ms] [ERROR] Failed to load resource: net::ERR_FAILED @ chrome-extension://invalid/:0
[  229527ms] [ERROR] Failed to load resource: net::ERR_FAILED @ chrome-extension://invalid/:0
[  229638ms] [ERROR] Failed to load resource: net::ERR_FAILED @ chrome-extension://invalid/:0
[  229743ms] [ERROR] Failed to load resource: net::ERR_FAILED @ chrome-extension://invalid/:0
[  229873ms] [ERROR] Failed to load resource: net::ERR_FAILED @ chrome-extension://invalid/:0
[  229978ms] [ERROR] Failed to load resource: net::ERR_FAILED @ chrome-extension://invalid/:0
[  230085ms] [ERROR] Failed to load resource: net::ERR_FAILED @ chrome-extension://invalid/:0
[  230197ms] [ERROR] Failed to load resource: net::ERR_FAILED @ chrome-extension://invalid/:0
[  230309ms] [ERROR] Failed to load resource: net::ERR_FAILED @ chrome-extension://invalid/:0
[  230422ms] [ERROR] Failed to load resource: net::ERR_FAILED @ chrome-extension://invalid/:0
[  230525ms] [ERROR] Failed to load resource: net::ERR_FAILED @ chrome-extension://invalid/:0
[  230639ms] [ERROR] Failed to load resource: net::ERR_FAILED @ chrome-extension://invalid/:0
[  230744ms] [ERROR] Failed to load resource: net::ERR_FAILED @ chrome-extension://invalid/:0
[  230859ms] [ERROR] Failed to load resource: net::ERR_FAILED @ chrome-extension://invalid/:0
[  230977ms] [ERROR] Failed to load resource: net::ERR_FAILED @ chrome-extension://invalid/:0
[  231122ms] [ERROR] Failed to load resource: net::ERR_FAILED @ chrome-extension://invalid/:0
[  231226ms] [ERROR] Failed to load resource: net::ERR_FAILED @ chrome-extension://invalid/:0
[  231335ms] [ERROR] Failed to load resource: net::ERR_FAILED @ chrome-extension://invalid/:0
[  231452ms] [ERROR] Failed to load resource: net::ERR_FAILED @ chrome-extension://invalid/:0
[  236746ms] [ERROR] Failed to load resource: net::ERR_FAILED @ chrome-extension://invalid/:0
[  236852ms] [ERROR] Failed to load resource: net::ERR_FAILED @ chrome-extension://invalid/:0
[  236955ms] [ERROR] Failed to load resource: net::ERR_FAILED @ chrome-extension://invalid/:0
[  237057ms] [ERROR] Failed to load resource: net::ERR_FAILED @ chrome-extension://invalid/:0
[  237160ms] [ERROR] Failed to load resource: net::ERR_FAILED @ chrome-extension://invalid/:0
[  237265ms] [ERROR] Failed to load resource: net::ERR_FAILED @ chrome-extension://invalid/:0
[  237368ms] [ERROR] Failed to load resource: net::ERR_FAILED @ chrome-extension://invalid/:0
[  237472ms] [ERROR] Failed to load resource: net::ERR_FAILED @ chrome-extension://invalid/:0
[  237575ms] [ERROR] Failed to load resource: net::ERR_FAILED @ chrome-extension://invalid/:0
[  237677ms] [ERROR] Failed to load resource: net::ERR_FAILED @ chrome-extension://invalid/:0
[  264005ms] [ERROR] Failed to load resource: net::ERR_FAILED @ chrome-extension://invalid/:0
[  269065ms] [ERROR] Failed to load resource: net::ERR_FAILED @ chrome-extension://invalid/:0
[  271097ms] [ERROR] Failed to load resource: net::ERR_FAILED @ chrome-extension://invalid/:0
[  271880ms] [ERROR] Failed to load resource: net::ERR_FAILED @ chrome-extension://invalid/:0
[  272020ms] [ERROR] Failed to load resource: net::ERR_FAILED @ chrome-extension://invalid/:0
[  272129ms] [ERROR] Failed to load resource: net::ERR_FAILED @ chrome-extension://invalid/:0
[  272239ms] [ERROR] Failed to load resource: net::ERR_FAILED @ chrome-extension://invalid/:0
[  272349ms] [ERROR] Failed to load resource: net::ERR_FAILED @ chrome-extension://invalid/:0
[  272457ms] [ERROR] Failed to load resource: net::ERR_FAILED @ chrome-extension://invalid/:0
[  272564ms] [ERROR] Failed to load resource: net::ERR_FAILED @ chrome-extension://invalid/:0
[  272673ms] [ERROR] Failed to load resource: net::ERR_FAILED @ chrome-extension://invalid/:0
[  272836ms] [ERROR] Failed to load resource: net::ERR_FAILED @ chrome-extension://invalid/:0
[  272947ms] [ERROR] Failed to load resource: net::ERR_FAILED @ chrome-extension://invalid/:0
[  273054ms] [ERROR] Failed to load resource: net::ERR_FAILED @ chrome-extension://invalid/:0
[  273172ms] [ERROR] Failed to load resource: net::ERR_FAILED @ chrome-extension://invalid/:0
[  273285ms] [ERROR] Failed to load resource: net::ERR_FAILED @ chrome-extension://invalid/:0
[  273405ms] [ERROR] Failed to load resource: net::ERR_FAILED @ chrome-extension://invalid/:0
[  273528ms] [ERROR] Failed to load resource: net::ERR_FAILED @ chrome-extension://invalid/:0
[  273659ms] [ERROR] Failed to load resource: net::ERR_FAILED @ chrome-extension://invalid/:0
[  273778ms] [ERROR] Failed to load resource: net::ERR_FAILED @ chrome-extension://invalid/:0
[  273891ms] [ERROR] Failed to load resource: net::ERR_FAILED @ chrome-extension://invalid/:0
[  274007ms] [ERROR] Failed to load resource: net::ERR_FAILED @ chrome-extension://invalid/:0
[  274179ms] [ERROR] Failed to load resource: net::ERR_FAILED @ chrome-extension://invalid/:0
[  274295ms] [ERROR] Failed to load resource: net::ERR_FAILED @ chrome-extension://invalid/:0
[  274401ms] [ERROR] Failed to load resource: net::ERR_FAILED @ chrome-extension://invalid/:0
[  274504ms] [ERROR] Failed to load resource: net::ERR_FAILED @ chrome-extension://invalid/:0
[  274618ms] [ERROR] Failed to load resource: net::ERR_FAILED @ chrome-extension://invalid/:0
[  274723ms] [ERROR] Failed to load resource: net::ERR_FAILED @ chrome-extension://invalid/:0
[  274840ms] [ERROR] Failed to load resource: net::ERR_FAILED @ chrome-extension://invalid/:0
[  274947ms] [ERROR] Failed to load resource: net::ERR_FAILED @ chrome-extension://invalid/:0
[  275064ms] [ERROR] Failed to load resource: net::ERR_FAILED @ chrome-extension://invalid/:0
[  275217ms] [ERROR] Failed to load resource: net::ERR_FAILED @ chrome-extension://invalid/:0
[  275327ms] [ERROR] Failed to load resource: net::ERR_FAILED @ chrome-extension://invalid/:0
[  275431ms] [ERROR] Failed to load resource: net::ERR_FAILED @ chrome-extension://invalid/:0
[  275541ms] [ERROR] Failed to load resource: net::ERR_FAILED @ chrome-extension://invalid/:0
[  275650ms] [ERROR] Failed to load resource: net::ERR_FAILED @ chrome-extension://invalid/:0
[  275770ms] [ERROR] Failed to load resource: net::ERR_FAILED @ chrome-extension://invalid/:0
[  275881ms] [ERROR] Failed to load resource: net::ERR_FAILED @ chrome-extension://invalid/:0
[  275985ms] [ERROR] Failed to load resource: net::ERR_FAILED @ chrome-extension://invalid/:0
[  276102ms] [ERROR] Failed to load resource: net::ERR_FAILED @ chrome-extension://invalid/:0
[  276210ms] [ERROR] Failed to load resource: net::ERR_FAILED @ chrome-extension://invalid/:0
[  276328ms] [ERROR] Failed to load resource: net::ERR_FAILED @ chrome-extension://invalid/:0
[  276451ms] [ERROR] Failed to load resource: net::ERR_FAILED @ chrome-extension://invalid/:0
[  276569ms] [ERROR] Failed to load resource: net::ERR_FAILED @ chrome-extension://invalid/:0
[  276686ms] [ERROR] Failed to load resource: net::ERR_FAILED @ chrome-extension://invalid/:0
[  276807ms] [ERROR] Failed to load resource: net::ERR_FAILED @ chrome-extension://invalid/:0
[  276917ms] [ERROR] Failed to load resource: net::ERR_FAILED @ chrome-extension://invalid/:0
[  277021ms] [ERROR] Failed to load resource: net::ERR_FAILED @ chrome-extension://invalid/:0
[  277137ms] [ERROR] Failed to load resource: net::ERR_FAILED @ chrome-extension://invalid/:0
[  277244ms] [ERROR] Failed to load resource: net::ERR_FAILED @ chrome-extension://invalid/:0
[  277353ms] [ERROR] Failed to load resource: net::ERR_FAILED @ chrome-extension://invalid/:0
[  277460ms] [ERROR] Failed to load resource: net::ERR_FAILED @ chrome-extension://invalid/:0
[  277567ms] [ERROR] Failed to load resource: net::ERR_FAILED @ chrome-extension://invalid/:0
[  277690ms] [ERROR] Failed to load resource: net::ERR_FAILED @ chrome-extension://invalid/:0
[  277804ms] [ERROR] Failed to load resource: net::ERR_FAILED @ chrome-extension://invalid/:0
[  277935ms] [ERROR] Failed to load resource: net::ERR_FAILED @ chrome-extension://invalid/:0
[  278052ms] [ERROR] Failed to load resource: net::ERR_FAILED @ chrome-extension://invalid/:0
[  278160ms] [ERROR] Failed to load resource: net::ERR_FAILED @ chrome-extension://invalid/:0
[  278269ms] [ERROR] Failed to load resource: net::ERR_FAILED @ chrome-extension://invalid/:0
[  278377ms] [ERROR] Failed to load resource: net::ERR_FAILED @ chrome-extension://invalid/:0
